IS protein ID,IS family,IS subgroup,IS name,Closest T6SS protein,Closest T6SS gene,Distance,T6SS cluster ID,T6SS cluster class,T6SS cluster type
NC_003296.1|1086|WP_011004425.1,IS5,IS5,IS1405,NC_003296.1|1089|WP_011004426.1,evpJ,3,NC_003296.1_I_5_5,Island,tssI-evpJ island
NC_003296.1|144|WP_011003471.1,IS701,unknown,ISRso17,NC_003296.1|164|WP_011003490.1,tssI,20,NC_003296.1_I_1_2,Island,tssI island
NC_003296.1|480|WP_086004967.1,IS3,IS407,ISRso12,NC_003296.1|491|WP_011003818.1,evpJ,11,NC_003296.1_I_5_3,Island,tssI-evpJ island
NC_003296.1|88|WP_086004752.1,IS5,IS427,IS1421,NC_003296.1|93|WP_011003420.1,tssI,5,NC_003296.1_I_1_1,Island,tssI island
NC_009349.1|76|WP_085941548.1,IS3,IS3,ISAs9,NC_009349.1|75|WP_011899343.1,evpJ,1,NC_009349.1_I_5_1,Island,tssI-evpJ island
NC_010070.1|57|WP_011875599.1,IS21,unknown,IS408,NC_010070.1|62|WP_012211021.1,tssI,5,NC_010070.1_I_1_1,Island,tssI island
NC_010377.1|41|WP_001572362.1,IS110,IS1111,IS1618,NC_010377.1|50|WP_012291365.1,tssD,9,NC_010377.1_I_0_1,Island,tssD island
NC_010625.1|576|WP_012405348.1,IS5,unknown,ISBph2,NC_010625.1|569|WP_012405343.1,evpJ,7,NC_010625.1_T_2,T6SS,T6SS
NC_010625.1|577|WP_095211895.1,IS5,IS427,ISCARN85,NC_010625.1|579|WP_012405352.1,evpJ,2,NC_010625.1_T_2,T6SS,T6SS
NC_010802.1|53|WP_011875599.1,IS21,unknown,IS408,NC_010802.1|48|WP_012211021.1,tssI,5,NC_010802.1_I_1_1,Island,tssI island
NC_010996.1|210|WP_041684032.1,ISNCY,IS1202,ISRel10,NC_010996.1|201|WP_012489525.1,tssM,9,NC_010996.1_T_1,T6SS,T6SS
NC_011311.1|49|WP_012548883.1,IS91,unknown,ISVsa21,NC_011311.1|39|WP_012548874.1,tssI,10,NC_011311.1_I_2_1,Island,tssD-tssI island
NC_011981.1|33|WP_015914915.1,IS66,unknown,ISRsp1,NC_011981.1|41|WP_015918232.1,tssI,8,NC_011981.1_I_1_1,Island,tssI island
NC_014309.1|1414|WP_013208847.1,IS256,unknown,ISRso7,NC_014309.1|1404|WP_013208836.1,tssI,10,NC_014309.1_I_5_6,Island,tssI-evpJ island
NC_014309.1|571|WP_013207980.1,IS701,unknown,ISRso17,NC_014309.1|569|WP_176462310.1,evpJ,2,NC_014309.1_I_5_3,Island,tssI-evpJ island
NC_014310.1|612|WP_086004919.1,IS5,IS427,IS1421,NC_014310.1|606|WP_013209733.1,tssI,6,NC_014310.1_T_1,T6SS,T6SS
NC_015377.1|57|WP_013691784.1,IS110,IS1111,ISPfa1,NC_015377.1|55|WP_013691782.1,evpJ,2,NC_015377.1_I_5_1,Island,tssI-evpJ island
NC_015382.1|25|WP_013688836.1,IS110,IS1111,ISPfa1,NC_015382.1|23|WP_013691782.1,evpJ,2,NC_015382.1_I_5_1,Island,tssI-evpJ island
NC_015383.1|198|WP_013700162.1,IS110,IS1111,ISPfa1,NC_015383.1|200|WP_013700164.1,tssI,2,NC_015383.1_T_1,T6SS,T6SS
NC_015963.1|104|WP_088201860.1,IS3,IS3,ISEc52,NC_015963.1|121|WP_014063933.1,tssH,17,NC_015963.1_T_1,T6SS,T6SS
NC_015963.1|139|WP_088201860.1,IS3,IS3,ISEc52,NC_015963.1|134|WP_014063946.1,tssB,5,NC_015963.1_T_1,T6SS,T6SS
NC_016623.1|409|WP_014249730.1,IS110,unknown,ISAli16,NC_016623.1|413|WP_044553072.1,tssL,4,NC_016623.1_I_5_1,Island,tssI-evpJ island
NC_017533.1|164|WP_014333229.1,ISNCY,ISPlu15,ISSen7,NC_017533.1|149|WP_014598263.1,tssA,15,NC_017533.1_T_1,T6SS,T6SS
NC_017575.1|500|WP_086002887.1,IS3,IS2,ISRso10,NC_017575.1|493|WP_014618839.1,evpJ,7,NC_017575.1_I_5_3,Island,tssI-evpJ island
NC_017575.1|58|WP_039548595.1,IS21,unknown,ISRso19,NC_017575.1|63|WP_014618393.1,tssI,5,NC_017575.1_I_5_1,Island,tssI-evpJ island
NC_021745.1|1343|WP_016721735.1,IS5,IS5,IS1405,NC_021745.1|1340|WP_043898138.1,tssI,3,NC_021745.1_I_5_6,Island,tssI-evpJ island
NC_021745.1|394|WP_019719041.1,IS110,IS1111,ISBcen4,NC_021745.1|392|WP_043898040.1,tssI,2,NC_021745.1_I_5_3,Island,tssI-evpJ island
NC_021745.1|44|WP_086004752.1,IS5,IS427,IS1421,NC_021745.1|32|WP_020829481.1,evpJ,12,NC_021745.1_I_5_1,Island,tssI-evpJ island
NC_021745.1|563|WP_086005444.1,IS3,IS407,ISSod2,NC_021745.1|583|WP_016726151.1,tssI,20,NC_021745.1_I_5_4,Island,tssI-evpJ island
NC_021745.1|985|WP_086004752.1,IS5,IS427,IS1421,NC_021745.1|978|WP_011004059.1,tssL,7,NC_021745.1_T_1,T6SS,T6SS
NC_021745.1|989|WP_020830182.1,IS5,unknown,ISRso1,NC_021745.1|992|WP_020830185.1,tssI,3,NC_021745.1_T_1,T6SS,T6SS
NC_022043.1|92|WP_020952554.1,IS5,IS903,ISPam2,NC_022043.1|84|WP_020952922.1,tssI,8,NC_022043.1_I_1_1,Island,tssI island
NZ_AP018360.1|69|WP_006412423.1,IS5,IS5,ISBmu2,NZ_AP018360.1|82|WP_046543916.1,tssF,13,NZ_AP018360.1_I_5_1,Island,tssI-evpJ island
NZ_AP019857.1|41|WP_085947771.1,IS3,IS3,IS3,NZ_AP019857.1|44|WP_103686424.1,tssH,3,NZ_AP019857.1_T_1,T6SS,T6SS
NZ_AP022179.1|55|WP_087896506.1,IS21,unknown,IS100kyp,NZ_AP022179.1|57|WP_087896585.1,tssB,2,NZ_AP022179.1_T_1,T6SS,T6SS
NZ_AP022179.1|74|WP_182913529.1,IS3,IS3,ISSd1,NZ_AP022179.1|70|WP_182913528.1,tssH,4,NZ_AP022179.1_T_1,T6SS,T6SS
NZ_AP022262.1|20|WP_182915152.1,IS21,unknown,IS21,NZ_AP022262.1|5|WP_182915150.1,tssH,15,NZ_AP022262.1_T_1,T6SS,T6SS
NZ_AP022262.1|93|WP_000952425.1,IS21,unknown,ISEc62,NZ_AP022262.1|98|WP_000535928.1,tssB,5,NZ_AP022262.1_T_1,T6SS,T6SS
NZ_AP022288.1|116|WP_001067855.1,IS6,unknown,IS26,NZ_AP022288.1|2|WP_032186534.1,tssB,10,NZ_AP022288.1_T_1,T6SS,T6SS
NZ_AP023176.1|1316|WP_082624847.1,IS256,unknown,ISBcen18,NZ_AP023176.1|1298|WP_180725493.1,tssI,18,NZ_AP023176.1_I_1_1,Island,tssI island
NZ_AP023182.1|748|WP_180735353.1,IS5,IS903,ISBhu1,NZ_AP023182.1|734|WP_180735346.1,tssL,14,NZ_AP023182.1_T_1,T6SS,T6SS
NZ_AP023206.1|325|WP_136768973.1,ISAs1,unknown,ISEc1,NZ_AP023206.1|322|WP_000103361.1,tssI,3,NZ_AP023206.1_T_1,T6SS,T6SS
NZ_AP023275.1|231|WP_180572728.1,IS66,unknown,ISRel19,NZ_AP023275.1|213|WP_180575578.1,tssI,18,NZ_AP023275.1_I_5_1,Island,tssI-evpJ island
NZ_AP024098.1|115|WP_086004752.1,IS5,IS427,IS1421,NZ_AP024098.1|119|WP_086706412.1,tssI,4,NZ_AP024098.1_I_1_1,Island,tssI island
NZ_AP024098.1|1181|WP_019719041.1,IS110,IS1111,ISBcen4,NZ_AP024098.1|1179|WP_016725434.1,tssI,2,NZ_AP024098.1_I_5_4,Island,tssI-evpJ island
NZ_AP024098.1|1486|WP_016721735.1,IS5,IS5,IS1405,NZ_AP024098.1|1485|WP_021155862.1,tssI,1,NZ_AP024098.1_I_1_5,Island,tssI island
NZ_AP024098.1|558|WP_016723619.1,IS5,IS5,IS1405,NZ_AP024098.1|553|WP_071508451.1,evpJ,5,NZ_AP024098.1_I_5_2,Island,tssI-evpJ island
NZ_AP024098.1|950|WP_016721870.1,IS5,IS5,IS1021,NZ_AP024098.1|944|WP_011004059.1,tssL,6,NZ_AP024098.1_T_1,T6SS,T6SS
NZ_AP024098.1|956|WP_020830182.1,IS5,unknown,ISRso1,NZ_AP024098.1|959|WP_020830185.1,tssI,3,NZ_AP024098.1_T_1,T6SS,T6SS
NZ_AP024098.1|973|WP_016721735.1,IS5,IS5,IS1405,NZ_AP024098.1|971|WP_021156109.1,tssI,2,NZ_AP024098.1_T_1,T6SS,T6SS
NZ_AP024100.1|1067|WP_089190776.1,IS630,unknown,ISRso5,NZ_AP024100.1|1048|WP_197368486.1,tssI,19,NZ_AP024100.1_I_5_4,Island,tssI-evpJ island
NZ_AP024100.1|130|WP_089190776.1,IS630,unknown,ISRso5,NZ_AP024100.1|134|WP_197368769.1,tssI,4,NZ_AP024100.1_I_1_1,Island,tssI island
NZ_AP024102.1|130|WP_089190776.1,IS630,unknown,ISRso5,NZ_AP024102.1|134|WP_200763577.1,tssI,4,NZ_AP024102.1_I_1_1,Island,tssI island
NZ_AP024102.1|543|WP_089190776.1,IS630,unknown,ISRso5,NZ_AP024102.1|561|WP_200763637.1,tssI,18,NZ_AP024102.1_I_5_2,Island,tssI-evpJ island
NZ_AP024104.1|492|WP_016723619.1,IS5,IS5,IS1405,NZ_AP024104.1|493|WP_071508021.1,tssI,1,NZ_AP024104.1_I_1_3,Island,tssI island
NZ_AP024104.1|636|WP_071653888.1,IS5,unknown,ISRso1,NZ_AP024104.1|632|WP_058908680.1,tssI,4,NZ_AP024104.1_T_1,T6SS,T6SS
NZ_AP024104.1|637|WP_011003443.1,IS701,unknown,ISRso17,NZ_AP024104.1|645|WP_011004059.1,tssL,8,NZ_AP024104.1_T_1,T6SS,T6SS
NZ_AP024106.1|1304|WP_016721735.1,IS5,IS5,IS1405,NZ_AP024106.1|1301|WP_043898138.1,tssI,3,NZ_AP024106.1_I_5_6,Island,tssI-evpJ island
NZ_AP024106.1|414|WP_019719041.1,IS110,IS1111,ISBcen4,NZ_AP024106.1|416|WP_043898040.1,tssI,2,NZ_AP024106.1_I_5_2,Island,tssI-evpJ island
NZ_AP024106.1|528|WP_086004752.1,IS5,IS427,IS1421,NZ_AP024106.1|512|WP_071895708.1,tssI,16,NZ_AP024106.1_I_1_3,Island,tssI island
NZ_AP024106.1|709|WP_020830182.1,IS5,unknown,ISRso1,NZ_AP024106.1|706|WP_020830185.1,tssI,3,NZ_AP024106.1_T_1,T6SS,T6SS
NZ_AP024106.1|712|WP_086004752.1,IS5,IS427,IS1421,NZ_AP024106.1|719|WP_011004059.1,tssL,7,NZ_AP024106.1_T_1,T6SS,T6SS
NZ_AP024108.1|130|WP_089190776.1,IS630,unknown,ISRso5,NZ_AP024108.1|134|WP_197368769.1,tssI,4,NZ_AP024108.1_I_1_1,Island,tssI island
NZ_AP024108.1|325|WP_011002488.1,ISL3,unknown,ISRso15,NZ_AP024108.1|314|WP_197369422.1,evpJ,11,NZ_AP024108.1_I_5_2,Island,tssI-evpJ island
NZ_AP024108.1|577|WP_089190776.1,IS630,unknown,ISRso5,NZ_AP024108.1|595|WP_200763637.1,tssI,18,NZ_AP024108.1_I_5_3,Island,tssI-evpJ island
NZ_AP024108.1|955|WP_197362529.1,IS3,IS2,ISButh1,NZ_AP024108.1|960|WP_011004063.1,evpJ,5,NZ_AP024108.1_T_1,T6SS,T6SS
NZ_AP024158.1|115|WP_086004752.1,IS5,IS427,IS1421,NZ_AP024158.1|119|WP_086706412.1,tssI,4,NZ_AP024158.1_I_1_1,Island,tssI island
NZ_AP024158.1|1181|WP_019719041.1,IS110,IS1111,ISBcen4,NZ_AP024158.1|1179|WP_016725434.1,tssI,2,NZ_AP024158.1_I_5_4,Island,tssI-evpJ island
NZ_AP024158.1|1486|WP_016721735.1,IS5,IS5,IS1405,NZ_AP024158.1|1485|WP_021155862.1,tssI,1,NZ_AP024158.1_I_1_5,Island,tssI island
NZ_AP024158.1|558|WP_016723619.1,IS5,IS5,IS1405,NZ_AP024158.1|553|WP_071508451.1,evpJ,5,NZ_AP024158.1_I_5_2,Island,tssI-evpJ island
NZ_AP024158.1|950|WP_016721870.1,IS5,IS5,IS1021,NZ_AP024158.1|944|WP_011004059.1,tssL,6,NZ_AP024158.1_T_1,T6SS,T6SS
NZ_AP024158.1|956|WP_020830182.1,IS5,unknown,ISRso1,NZ_AP024158.1|959|WP_020830185.1,tssI,3,NZ_AP024158.1_T_1,T6SS,T6SS
NZ_AP024158.1|973|WP_016721735.1,IS5,IS5,IS1405,NZ_AP024158.1|971|WP_021156109.1,tssI,2,NZ_AP024158.1_T_1,T6SS,T6SS
NZ_AP024160.1|1067|WP_089190776.1,IS630,unknown,ISRso5,NZ_AP024160.1|1048|WP_197368486.1,tssI,19,NZ_AP024160.1_I_5_4,Island,tssI-evpJ island
NZ_AP024160.1|130|WP_089190776.1,IS630,unknown,ISRso5,NZ_AP024160.1|134|WP_197368769.1,tssI,4,NZ_AP024160.1_I_1_1,Island,tssI island
NZ_AP024162.1|1059|WP_016721870.1,IS5,IS5,IS1021,NZ_AP024162.1|1075|WP_201016533.1,tssI,16,NZ_AP024162.1_I_5_4,Island,tssI-evpJ island
NZ_AP024162.1|121|WP_201016586.1,IS5,unknown,ISRso1,NZ_AP024162.1|132|WP_197368769.1,tssI,11,NZ_AP024162.1_I_1_1,Island,tssI island
NZ_AP024162.1|839|WP_197362529.1,IS3,IS2,ISButh1,NZ_AP024162.1|846|WP_201016511.1,tssI,7,NZ_AP024162.1_T_1,T6SS,T6SS
NZ_AP024162.1|876|WP_197362529.1,IS3,IS2,ISButh1,NZ_AP024162.1|873|WP_201016514.1,tssI,3,NZ_AP024162.1_T_1,T6SS,T6SS
NZ_AP024162.1|965|WP_201016270.1,IS1595,ISSod11,ISVapa1,NZ_AP024162.1|975|WP_082240069.1,evpJ,10,NZ_AP024162.1_I_5_3,Island,tssI-evpJ island
NZ_AP024941.1|172|WP_041206012.1,IS21,unknown,ISAs28,NZ_AP024941.1|175|WP_219265173.1,tssD,3,NZ_AP024941.1_I_4_1,Island,tssD-tssI-evpJ island
NZ_CP007643.1|261|WP_052272658.1,IS1182,unknown,ISRsp20,NZ_CP007643.1|256|WP_040111824.1,tssM,5,NZ_CP007643.1_T_1,T6SS,T6SS
NZ_CP009457.1|52|WP_001572362.1,IS110,IS1111,IS1618,NZ_CP009457.1|43|WP_012291365.1,tssD,9,NZ_CP009457.1_I_0_1,Island,tssD island
NZ_CP009763.1|492|WP_016723619.1,IS5,IS5,IS1405,NZ_CP009763.1|493|WP_071508021.1,tssI,1,NZ_CP009763.1_I_1_3,Island,tssI island
NZ_CP009763.1|636|WP_071653888.1,IS5,unknown,ISRso1,NZ_CP009763.1|632|WP_058908680.1,tssI,4,NZ_CP009763.1_T_1,T6SS,T6SS
NZ_CP009763.1|637|WP_011003443.1,IS701,unknown,ISRso17,NZ_CP009763.1|645|WP_011004059.1,tssL,8,NZ_CP009763.1_T_1,T6SS,T6SS
NZ_CP010016.1|10|WP_045598690.1,ISL3,unknown,ISAe1,NZ_CP010016.1|21|WP_045598703.1,tssM,11,NZ_CP010016.1_T_1,T6SS,T6SS
NZ_CP010016.1|35|WP_045598716.1,ISL3,unknown,ISAe1,NZ_CP010016.1|33|WP_009901015.1,tssB,2,NZ_CP010016.1_T_1,T6SS,T6SS
NZ_CP010016.1|36|WP_102889818.1,IS3,IS2,ISButh1,NZ_CP010016.1|49|WP_009905942.1,tssF,13,NZ_CP010016.1_T_1,T6SS,T6SS
NZ_CP010181.1|19|WP_046201816.1,IS66,unknown,ISCro1,NZ_CP010181.1|33|WP_000072543.1,tssB,14,NZ_CP010181.1_T_1,T6SS,T6SS
NZ_CP010184.1|18|WP_046201816.1,IS66,unknown,ISCro1,NZ_CP010184.1|32|WP_000072543.1,tssB,14,NZ_CP010184.1_T_1,T6SS,T6SS
NZ_CP011019.1|158|WP_046201816.1,IS66,unknown,ISCro1,NZ_CP011019.1|172|WP_000072543.1,tssB,14,NZ_CP011019.1_T_1,T6SS,T6SS
NZ_CP011119.1|52|WP_001572362.1,IS110,IS1111,IS1618,NZ_CP011119.1|43|WP_012291365.1,tssD,9,NZ_CP011119.1_I_0_1,Island,tssD island
NZ_CP012498.1|142|WP_097463193.1,IS3,IS407,ISKpn53,NZ_CP012498.1|138|WP_065226004.1,tssH,4,NZ_CP012498.1_T_1,T6SS,T6SS
NZ_CP012499.1|51|WP_065224993.1,IS630,unknown,ISSpu2,NZ_CP012499.1|52|WP_000029852.1,tssH,1,NZ_CP012499.1_T_1,T6SS,T6SS
NZ_CP012499.1|70|WP_024166190.1,IS110,IS1111,ISSso1,NZ_CP012499.1|66|WP_000072548.1,tssB,4,NZ_CP012499.1_T_1,T6SS,T6SS
NZ_CP012500.1|171|WP_065224993.1,IS630,unknown,ISSpu2,NZ_CP012500.1|172|WP_000029852.1,tssH,1,NZ_CP012500.1_T_1,T6SS,T6SS
NZ_CP012500.1|3|WP_024166190.1,IS110,IS1111,ISSso1,NZ_CP012500.1|186|WP_000072548.1,tssB,4,NZ_CP012500.1_T_1,T6SS,T6SS
NZ_CP012501.1|32|WP_024166190.1,IS110,IS1111,ISSso1,NZ_CP012501.1|36|WP_000072548.1,tssB,4,NZ_CP012501.1_T_1,T6SS,T6SS
NZ_CP012501.1|51|WP_024166170.1,IS630,unknown,ISSpu2,NZ_CP012501.1|50|WP_000029852.1,tssH,1,NZ_CP012501.1_T_1,T6SS,T6SS
NZ_CP012688.1|138|WP_003261205.1,IS5,IS5,IS1021,NZ_CP012688.1|142|WP_003264314.1,tssI,4,NZ_CP012688.1_I_1_1,Island,tssI island
NZ_CP012688.1|501|WP_003261205.1,IS5,IS5,IS1021,NZ_CP012688.1|505|WP_230588297.1,tssI,4,NZ_CP012688.1_I_5_2,Island,tssI-evpJ island
NZ_CP012688.1|509|WP_003261205.1,IS5,IS5,IS1021,NZ_CP012688.1|507|WP_003266134.1,evpJ,2,NZ_CP012688.1_I_5_2,Island,tssI-evpJ island
NZ_CP012688.1|553|WP_003261205.1,IS5,IS5,IS1021,NZ_CP012688.1|554|WP_079693433.1,tssI,1,NZ_CP012688.1_I_5_3,Island,tssI-evpJ island
NZ_CP012688.1|714|WP_003261205.1,IS5,IS5,IS1021,NZ_CP012688.1|716|WP_003266186.1,tssI,2,NZ_CP012688.1_T_1,T6SS,T6SS
NZ_CP012688.1|733|WP_003261205.1,IS5,IS5,IS1021,NZ_CP012688.1|728|WP_039556098.1,tssI,5,NZ_CP012688.1_T_1,T6SS,T6SS
NZ_CP012748.1|1090|WP_035992418.1,IS1182,unknown,ISBusp4,NZ_CP012748.1|1072|WP_051453878.1,tssI,18,NZ_CP012748.1_I_1_4,Island,tssI island
NZ_CP012748.1|380|WP_082624847.1,IS256,unknown,ISBcen18,NZ_CP012748.1|377|WP_057176760.1,tssI,3,NZ_CP012748.1_I_1_1,Island,tssI island
NZ_CP012940.1|1|WP_039548595.1,IS21,unknown,ISRso19,NZ_CP012940.1|1487|WP_014618393.1,tssI,5,NZ_CP012940.1_I_5_3,Island,tssI-evpJ island
NZ_CP012940.1|440|WP_086002887.1,IS3,IS2,ISRso10,NZ_CP012940.1|433|WP_014618839.1,evpJ,7,NZ_CP012940.1_I_5_1,Island,tssI-evpJ island
NZ_CP012941.1|84|WP_039548595.1,IS21,unknown,ISRso19,NZ_CP012941.1|64|WP_061581113.1,tssI,20,NZ_CP012941.1_I_1_1,Island,tssI island
NZ_CP012944.1|1456|WP_039548595.1,IS21,unknown,ISRso19,NZ_CP012944.1|1451|WP_014618393.1,tssI,5,NZ_CP012944.1_I_5_3,Island,tssI-evpJ island
NZ_CP013052.1|20|WP_245364202.1,IS21,unknown,ISSme2,NZ_CP013052.1|30|WP_037382660.1,tssI,10,NZ_CP013052.1_T_1,T6SS,T6SS
NZ_CP013369.1|10|WP_088503120.1,IS3,IS2,IS1087B,NZ_CP013369.1|202|WP_059652209.1,tssI,10,NZ_CP013369.1_I_5_1,Island,tssI-evpJ island
NZ_CP013369.1|190|WP_088503032.1,IS3,IS3,ISBvi3,NZ_CP013369.1|200|WP_080402089.1,evpJ,10,NZ_CP013369.1_I_5_1,Island,tssI-evpJ island
NZ_CP013412.1|112|WP_045598690.1,ISL3,unknown,ISAe1,NZ_CP013412.1|123|WP_045598703.1,tssM,11,NZ_CP013412.1_T_1,T6SS,T6SS
NZ_CP013412.1|4|WP_025405302.1,ISL3,unknown,ISRso15,NZ_CP013412.1|136|WP_009901012.1,tssE,4,NZ_CP013412.1_T_1,T6SS,T6SS
NZ_CP013419.1|147|WP_157131172.1,IS5,IS427,ISBcen20,NZ_CP013419.1|157|WP_059574903.1,tssA,10,NZ_CP013419.1_T_1,T6SS,T6SS
NZ_CP013492.1|219|WP_011053406.1,IS110,IS1111,ISRel9,NZ_CP013492.1|213|WP_012489525.1,tssM,6,NZ_CP013492.1_T_1,T6SS,T6SS
NZ_CP013497.1|217|WP_011053406.1,IS110,IS1111,ISRel9,NZ_CP013497.1|211|WP_012489525.1,tssM,6,NZ_CP013497.1_T_1,T6SS,T6SS
NZ_CP013502.1|217|WP_011053406.1,IS110,IS1111,ISRel9,NZ_CP013502.1|211|WP_012489525.1,tssM,6,NZ_CP013502.1_T_1,T6SS,T6SS
NZ_CP013508.1|217|WP_011053406.1,IS110,IS1111,ISRel9,NZ_CP013508.1|211|WP_012489525.1,tssM,6,NZ_CP013508.1_T_1,T6SS,T6SS
NZ_CP013514.1|208|WP_009996985.1,IS66,unknown,ISRel19,NZ_CP013514.1|205|WP_012489525.1,tssM,3,NZ_CP013514.1_T_1,T6SS,T6SS
NZ_CP013519.1|219|WP_011053406.1,IS110,IS1111,ISRel9,NZ_CP013519.1|213|WP_012489525.1,tssM,6,NZ_CP013519.1_T_1,T6SS,T6SS
NZ_CP013530.1|201|WP_064820024.1,ISNCY,IS1202,ISRel10,NZ_CP013530.1|194|WP_012489525.1,tssM,7,NZ_CP013530.1_T_1,T6SS,T6SS
NZ_CP013535.1|201|WP_064820024.1,ISNCY,IS1202,ISRel10,NZ_CP013535.1|192|WP_012489525.1,tssM,9,NZ_CP013535.1_T_1,T6SS,T6SS
NZ_CP013540.1|210|WP_064820024.1,ISNCY,IS1202,ISRel10,NZ_CP013540.1|203|WP_012489525.1,tssM,7,NZ_CP013540.1_T_1,T6SS,T6SS
NZ_CP013544.1|165|WP_011053406.1,IS110,IS1111,ISRel9,NZ_CP013544.1|158|WP_012489525.1,tssM,7,NZ_CP013544.1_T_1,T6SS,T6SS
NZ_CP013550.1|201|WP_064820024.1,ISNCY,IS1202,ISRel10,NZ_CP013550.1|192|WP_012489525.1,tssM,9,NZ_CP013550.1_T_1,T6SS,T6SS
NZ_CP013555.1|231|WP_064823785.1,IS66,unknown,ISUnCu14,NZ_CP013555.1|223|WP_064823781.1,tssM,8,NZ_CP013555.1_T_1,T6SS,T6SS
NZ_CP013561.1|206|WP_009996985.1,IS66,unknown,ISRel19,NZ_CP013561.1|203|WP_012489525.1,tssM,3,NZ_CP013561.1_T_1,T6SS,T6SS
NZ_CP013566.1|230|WP_064823785.1,IS66,unknown,ISUnCu14,NZ_CP013566.1|222|WP_064823781.1,tssM,8,NZ_CP013566.1_T_1,T6SS,T6SS
NZ_CP013572.1|235|WP_064832810.1,ISNCY,IS1202,ISRel10,NZ_CP013572.1|229|WP_012489525.1,tssM,6,NZ_CP013572.1_T_1,T6SS,T6SS
NZ_CP013578.1|235|WP_064832810.1,ISNCY,IS1202,ISRel10,NZ_CP013578.1|229|WP_012489525.1,tssM,6,NZ_CP013578.1_T_1,T6SS,T6SS
NZ_CP013583.1|201|WP_064820024.1,ISNCY,IS1202,ISRel10,NZ_CP013583.1|194|WP_012489525.1,tssM,7,NZ_CP013583.1_T_1,T6SS,T6SS
NZ_CP013587.1|185|WP_064820024.1,ISNCY,IS1202,ISRel10,NZ_CP013587.1|179|WP_064836769.1,tssM,6,NZ_CP013587.1_T_1,T6SS,T6SS
NZ_CP013592.1|216|WP_011053406.1,IS110,IS1111,ISRel9,NZ_CP013592.1|210|WP_012489525.1,tssM,6,NZ_CP013592.1_T_1,T6SS,T6SS
NZ_CP013598.1|217|WP_011053406.1,IS110,IS1111,ISRel9,NZ_CP013598.1|211|WP_012489525.1,tssM,6,NZ_CP013598.1_T_1,T6SS,T6SS
NZ_CP013604.1|208|WP_009996985.1,IS66,unknown,ISRel19,NZ_CP013604.1|205|WP_012489525.1,tssM,3,NZ_CP013604.1_T_1,T6SS,T6SS
NZ_CP013633.1|183|WP_094447650.1,IS3,IS407,ISRle4,NZ_CP013633.1|191|WP_064842658.1,tssG,8,NZ_CP013633.1_T_1,T6SS,T6SS
NZ_CP013633.1|207|WP_064842684.1,IS1182,unknown,ISRsp20,NZ_CP013633.1|202|WP_064842679.1,tssM,5,NZ_CP013633.1_T_1,T6SS,T6SS
NZ_CP013639.1|168|WP_089152671.1,IS3,IS407,ISRle4,NZ_CP013639.1|176|WP_064842658.1,tssG,8,NZ_CP013639.1_T_1,T6SS,T6SS
NZ_CP013639.1|200|WP_064838507.1,ISNCY,IS1202,ISRel10,NZ_CP013639.1|187|WP_064842679.1,tssM,13,NZ_CP013639.1_T_1,T6SS,T6SS
NZ_CP013646.1|167|WP_089152671.1,IS3,IS407,ISRle4,NZ_CP013646.1|175|WP_064842658.1,tssG,8,NZ_CP013646.1_T_1,T6SS,T6SS
NZ_CP013646.1|195|WP_064838507.1,ISNCY,IS1202,ISRel10,NZ_CP013646.1|186|WP_064842679.1,tssM,9,NZ_CP013646.1_T_1,T6SS,T6SS
NZ_CP014208.1|123|WP_064374328.1,ISNCY,ISPlu15,ISSen7,NZ_CP014208.1|106|WP_064374323.1,tssA,17,NZ_CP014208.1_T_1,T6SS,T6SS
NZ_CP015038.1|54|WP_027809980.1,IS21,unknown,ISBmu1,NZ_CP015038.1|58|WP_062911766.1,evpJ,4,NZ_CP015038.1_I_5_1,Island,tssI-evpJ island
NZ_CP015116.1|646|WP_103025940.1,IS3,IS2,ISRso10,NZ_CP015116.1|632|WP_071895708.1,tssI,14,NZ_CP015116.1_I_1_3,Island,tssI island
NZ_CP015116.1|707|WP_016723619.1,IS5,IS5,IS1405,NZ_CP015116.1|708|WP_071508021.1,tssI,1,NZ_CP015116.1_I_1_4,Island,tssI island
NZ_CP015116.1|847|WP_071653888.1,IS5,unknown,ISRso1,NZ_CP015116.1|844|WP_058908680.1,tssI,3,NZ_CP015116.1_T_1,T6SS,T6SS
NZ_CP015116.1|848|WP_011003443.1,IS701,unknown,ISRso17,NZ_CP015116.1|855|WP_011004059.1,tssL,7,NZ_CP015116.1_T_1,T6SS,T6SS
NZ_CP015231.1|781|WP_157888506.1,IS5,IS427,ISPme2,NZ_CP015231.1|776|WP_046002838.1,tssI,5,NZ_CP015231.1_I_5_1,Island,tssI-evpJ island
NZ_CP015851.1|1168|WP_016721870.1,IS5,IS5,IS1021,NZ_CP015851.1|1160|WP_016726151.1,tssI,8,NZ_CP015851.1_I_5_6,Island,tssI-evpJ island
NZ_CP015851.1|1220|WP_019719041.1,IS110,IS1111,ISBcen4,NZ_CP015851.1|1218|WP_043898040.1,tssI,2,NZ_CP015851.1_I_5_7,Island,tssI-evpJ island
NZ_CP015851.1|154|WP_016721735.1,IS5,IS5,IS1405,NZ_CP015851.1|153|WP_064047902.1,tssI,1,NZ_CP015851.1_I_1_1,Island,tssI island
NZ_CP015851.1|240|WP_086004752.1,IS5,IS427,IS1421,NZ_CP015851.1|252|WP_020829481.1,evpJ,12,NZ_CP015851.1_I_5_2,Island,tssI-evpJ island
NZ_CP015851.1|575|WP_016721735.1,IS5,IS5,IS1405,NZ_CP015851.1|578|WP_043898138.1,tssI,3,NZ_CP015851.1_I_5_4,Island,tssI-evpJ island
NZ_CP015851.1|928|WP_020830182.1,IS5,unknown,ISRso1,NZ_CP015851.1|925|WP_020830185.1,tssI,3,NZ_CP015851.1_T_1,T6SS,T6SS
NZ_CP016416.1|110|WP_032073033.1,IS4,IS10,ISVsa5,NZ_CP016416.1|111|WP_065546928.1,tssE,1,NZ_CP016416.1_T_1,T6SS,T6SS
NZ_CP016416.1|91|WP_065546909.1,IS256,unknown,ISVa19,NZ_CP016416.1|93|WP_065546911.1,evpJ,2,NZ_CP016416.1_T_1,T6SS,T6SS
NZ_CP016555.1|1447|WP_016721870.1,IS5,IS5,IS1021,NZ_CP016555.1|1451|WP_071895849.1,tssI,4,NZ_CP016555.1_I_1_6,Island,tssI island
NZ_CP016555.1|170|WP_019719041.1,IS110,IS1111,ISBcen4,NZ_CP016555.1|172|WP_016725434.1,tssI,2,NZ_CP016555.1_I_1_1,Island,tssI island
NZ_CP016555.1|280|WP_016721735.1,IS5,IS5,IS1405,NZ_CP016555.1|265|WP_071895708.1,tssI,15,NZ_CP016555.1_I_1_2,Island,tssI island
NZ_CP016555.1|741|WP_016723619.1,IS5,IS5,IS1405,NZ_CP016555.1|733|WP_011004059.1,tssL,8,NZ_CP016555.1_T_1,T6SS,T6SS
NZ_CP016555.1|746|WP_016723619.1,IS5,IS5,IS1405,NZ_CP016555.1|749|WP_020830185.1,tssI,3,NZ_CP016555.1_T_1,T6SS,T6SS
NZ_CP016555.1|769|WP_016725474.1,ISL3,unknown,ISRso21,NZ_CP016555.1|761|WP_071508294.1,tssI,8,NZ_CP016555.1_T_1,T6SS,T6SS
NZ_CP016555.1|910|WP_016725474.1,ISL3,unknown,ISRso21,NZ_CP016555.1|921|WP_071895800.1,evpJ,11,NZ_CP016555.1_I_5_4,Island,tssI-evpJ island
NZ_CP016613.1|1354|WP_016723619.1,IS5,IS5,IS1405,NZ_CP016613.1|1359|WP_086706454.1,tssI,5,NZ_CP016613.1_T_1,T6SS,T6SS
NZ_CP016613.1|1373|WP_016721870.1,IS5,IS5,IS1021,NZ_CP016613.1|1366|WP_011004059.1,tssL,7,NZ_CP016613.1_T_1,T6SS,T6SS
NZ_CP016613.1|1378|WP_020830182.1,IS5,unknown,ISRso1,NZ_CP016613.1|1381|WP_020830185.1,tssI,3,NZ_CP016613.1_T_1,T6SS,T6SS
NZ_CP016613.1|561|WP_016721735.1,IS5,IS5,IS1405,NZ_CP016613.1|560|WP_021155862.1,tssI,1,NZ_CP016613.1_I_1_3,Island,tssI island
NZ_CP016613.1|69|WP_019719041.1,IS110,IS1111,ISBcen4,NZ_CP016613.1|67|WP_016725434.1,tssI,2,NZ_CP016613.1_I_5_1,Island,tssI-evpJ island
NZ_CP016613.1|977|WP_016721870.1,IS5,IS5,IS1021,NZ_CP016613.1|972|WP_071508451.1,evpJ,5,NZ_CP016613.1_I_5_4,Island,tssI-evpJ island
NZ_CP016905.1|1265|WP_069079627.1,IS110,IS1111,ISBcen4,NZ_CP016905.1|1267|WP_069079551.1,tssI,2,NZ_CP016905.1_I_1_3,Island,tssI island
NZ_CP016905.1|132|WP_096761515.1,IS5,IS427,IS1421,NZ_CP016905.1|125|WP_069079607.1,tssL,7,NZ_CP016905.1_T_1,T6SS,T6SS
NZ_CP016905.1|139|WP_020830182.1,IS5,unknown,ISRso1,NZ_CP016905.1|142|WP_020830185.1,tssI,3,NZ_CP016905.1_T_1,T6SS,T6SS
NZ_CP016905.1|161|WP_069078857.1,IS5,IS903,IS1420,NZ_CP016905.1|154|WP_069079381.1,tssI,7,NZ_CP016905.1_T_1,T6SS,T6SS
NZ_CP016905.1|329|WP_086004752.1,IS5,IS427,IS1421,NZ_CP016905.1|338|WP_069079411.1,evpJ,9,NZ_CP016905.1_I_5_1,Island,tssI-evpJ island
NZ_CP016905.1|711|WP_069078857.1,IS5,IS903,IS1420,NZ_CP016905.1|721|WP_021155862.1,tssI,10,NZ_CP016905.1_I_1_2,Island,tssI island
NZ_CP016915.1|1348|WP_011003443.1,IS701,unknown,ISRso17,NZ_CP016915.1|1339|WP_089191094.1,tssL,9,NZ_CP016915.1_T_1,T6SS,T6SS
NZ_CP016915.1|1349|WP_071653888.1,IS5,unknown,ISRso1,NZ_CP016915.1|1353|WP_071623901.1,tssI,4,NZ_CP016915.1_T_1,T6SS,T6SS
NZ_CP016915.1|1365|WP_016721870.1,IS5,IS5,IS1021,NZ_CP016915.1|1363|WP_237177489.1,tssL,2,NZ_CP016915.1_T_1,T6SS,T6SS
NZ_CP017026.1|52|WP_048813205.1,IS200/IS605,IS605,ISCco1,NZ_CP017026.1|49|WP_002790606.1,tssM,3,NZ_CP017026.1_T_1,T6SS,T6SS
NZ_CP017243.1|216|WP_004675973.1,IS66,unknown,ISUnCu14,NZ_CP017243.1|200|WP_004678817.1,tssM,16,NZ_CP017243.1_T_1,T6SS,T6SS
NZ_CP017887.1|182|WP_071556030.1,IS66,unknown,ISPpu13,NZ_CP017887.1|198|WP_071556042.1,tssD,16,NZ_CP017887.1_T_1,T6SS,T6SS
NZ_CP017887.1|52|WP_071550144.1,IS5,IS5,ISPsfu1,NZ_CP017887.1|56|WP_071555920.1,evpJ,4,NZ_CP017887.1_I_4_1,Island,tssD-tssI-evpJ island
NZ_CP018396.1|22|WP_060968564.1,IS481,unknown,ISBmu27,NZ_CP018396.1|17|WP_085538568.1,evpJ,5,NZ_CP018396.1_I_5_1,Island,tssI-evpJ island
NZ_CP019874.1|39|WP_002551322.1,IS21,unknown,ISPsy4,NZ_CP019874.1|30|WP_007247495.1,tssD,9,NZ_CP019874.1_I_0_1,Island,tssD island
NZ_CP020898.1|232|WP_085743943.1,IS21,unknown,ISSme2,NZ_CP020898.1|243|WP_085743945.1,tssM,11,NZ_CP020898.1_T_1,T6SS,T6SS
NZ_CP020898.1|269|WP_085994809.1,IS3,IS407,ISRel21,NZ_CP020898.1|253|WP_008536039.1,tssF,16,NZ_CP020898.1_T_1,T6SS,T6SS
NZ_CP020950.1|248|WP_016737538.1,IS21,unknown,ISSme2,NZ_CP020950.1|241|WP_012489525.1,tssM,7,NZ_CP020950.1_T_1,T6SS,T6SS
NZ_CP021027.1|215|WP_085861389.1,IS21,unknown,ISSme2,NZ_CP021027.1|204|WP_085861380.1,tssM,11,NZ_CP021027.1_T_1,T6SS,T6SS
NZ_CP021077.1|12|WP_085962346.1,IS5,IS427,ISJp4,NZ_CP021077.1|15|WP_209954650.1,tssI,3,NZ_CP021077.1_I_1_1,Island,tssI island
NZ_CP021125.1|227|WP_086156523.1,ISNCY,IS1202,ISRel10,NZ_CP021125.1|220|WP_029875555.1,tssM,7,NZ_CP021125.1_T_1,T6SS,T6SS
NZ_CP021160.1|79|WP_124837549.1,IS5,IS427,ISCji1,NZ_CP021160.1|87|WP_039203083.1,tssI,8,NZ_CP021160.1_I_5_1,Island,tssI-evpJ island
NZ_CP021160.1|99|WP_085962346.1,IS5,IS427,ISBugl2,NZ_CP021160.1|90|WP_012735336.1,evpJ,9,NZ_CP021160.1_I_5_1,Island,tssI-evpJ island
NZ_CP021449.1|1024|WP_162913696.1,IS110,unknown,ISBma3,NZ_CP021449.1|1004|WP_087452744.1,evpJ,20,NZ_CP021449.1_I_5_4,Island,tssI-evpJ island
NZ_CP021449.1|1029|WP_086004752.1,IS5,IS427,IS1421,NZ_CP021449.1|1032|WP_087452759.1,tssI,3,NZ_CP021449.1_T_1,T6SS,T6SS
NZ_CP021449.1|1063|WP_087451114.1,IS21,unknown,ISRso19,NZ_CP021449.1|1060|WP_087452768.1,tssI,3,NZ_CP021449.1_T_1,T6SS,T6SS
NZ_CP021449.1|1464|WP_087451190.1,ISL3,unknown,ISRso15,NZ_CP021449.1|1463|WP_232481862.1,tssI,1,NZ_CP021449.1_I_1_5,Island,tssI island
NZ_CP021449.1|1572|WP_087451114.1,IS21,unknown,ISRso19,NZ_CP021449.1|1573|WP_232481873.1,tssI,1,NZ_CP021449.1_I_1_6,Island,tssI island
NZ_CP021449.1|434|WP_086004752.1,IS5,IS427,IS1421,NZ_CP021449.1|418|WP_087452537.1,tssI,16,NZ_CP021449.1_I_5_2,Island,tssI-evpJ island
NZ_CP021449.1|81|WP_086004961.1,IS3,IS407,ISRso14,NZ_CP021449.1|79|WP_087452393.1,tssI,2,NZ_CP021449.1_I_1_1,Island,tssI island
NZ_CP021653.1|139|WP_003261205.1,IS5,IS5,IS1021,NZ_CP021653.1|143|WP_003264314.1,tssI,4,NZ_CP021653.1_I_1_1,Island,tssI island
NZ_CP021653.1|501|WP_003261205.1,IS5,IS5,IS1021,NZ_CP021653.1|505|WP_230588297.1,tssI,4,NZ_CP021653.1_I_5_2,Island,tssI-evpJ island
NZ_CP021653.1|509|WP_003261205.1,IS5,IS5,IS1021,NZ_CP021653.1|507|WP_003266134.1,evpJ,2,NZ_CP021653.1_I_5_2,Island,tssI-evpJ island
NZ_CP021653.1|553|WP_003261205.1,IS5,IS5,IS1021,NZ_CP021653.1|554|WP_079693433.1,tssI,1,NZ_CP021653.1_I_5_3,Island,tssI-evpJ island
NZ_CP021653.1|714|WP_003261205.1,IS5,IS5,IS1021,NZ_CP021653.1|716|WP_003266186.1,tssI,2,NZ_CP021653.1_T_1,T6SS,T6SS
NZ_CP021653.1|733|WP_003261205.1,IS5,IS5,IS1021,NZ_CP021653.1|728|WP_039556098.1,tssI,5,NZ_CP021653.1_T_1,T6SS,T6SS
NZ_CP021763.1|1087|WP_011004425.1,IS5,IS5,IS1405,NZ_CP021763.1|1090|WP_011004426.1,evpJ,3,NZ_CP021763.1_I_5_5,Island,tssI-evpJ island
NZ_CP021763.1|144|WP_011003471.1,IS701,unknown,ISRso17,NZ_CP021763.1|164|WP_011003490.1,tssI,20,NZ_CP021763.1_I_1_2,Island,tssI island
NZ_CP021763.1|479|WP_086004967.1,IS3,IS407,ISRso12,NZ_CP021763.1|490|WP_011003818.1,evpJ,11,NZ_CP021763.1_I_5_3,Island,tssI-evpJ island
NZ_CP021763.1|88|WP_086004752.1,IS5,IS427,IS1421,NZ_CP021763.1|93|WP_119918769.1,tssI,5,NZ_CP021763.1_I_1_1,Island,tssI island
NZ_CP021767.1|131|WP_097908608.1,IS5,IS5,IS1021,NZ_CP021767.1|135|WP_097909335.1,tssI,4,NZ_CP021767.1_I_1_1,Island,tssI island
NZ_CP021767.1|492|WP_232556810.1,IS5,IS427,IS1421,NZ_CP021767.1|494|WP_232556811.1,tssI,2,NZ_CP021767.1_I_5_2,Island,tssI-evpJ island
NZ_CP021767.1|498|WP_097908602.1,IS5,IS5,IS1021,NZ_CP021767.1|496|WP_097909427.1,evpJ,2,NZ_CP021767.1_I_5_2,Island,tssI-evpJ island
NZ_CP021767.1|699|WP_097908610.1,IS5,IS5,IS1021,NZ_CP021767.1|701|WP_097909492.1,tssI,2,NZ_CP021767.1_T_1,T6SS,T6SS
NZ_CP021767.1|718|WP_097908608.1,IS5,IS5,IS1021,NZ_CP021767.1|713|WP_097909496.1,tssI,5,NZ_CP021767.1_T_1,T6SS,T6SS
NZ_CP021914.1|182|WP_100927447.1,IS3,IS407,ISOba1,NZ_CP021914.1|173|WP_100931239.1,tssK,9,NZ_CP021914.1_T_1,T6SS,T6SS
NZ_CP022007.1|27|WP_227743836.1,IS3,IS407,ISKpn20,NZ_CP022007.1|45|WP_042284310.1,evpJ,18,NZ_CP022007.1_I_5_1,Island,tssI-evpJ island
NZ_CP022280.1|52|WP_101973923.1,IS3,IS3,ISEc17,NZ_CP022280.1|53|WP_000072546.1,tssB,1,NZ_CP022280.1_T_1,T6SS,T6SS
NZ_CP022482.1|172|WP_096761515.1,IS5,IS427,IS1421,NZ_CP022482.1|176|WP_071011982.1,tssI,4,NZ_CP022482.1_T_1,T6SS,T6SS
NZ_CP022482.1|372|WP_016721870.1,IS5,IS5,IS1021,NZ_CP022482.1|382|WP_071014198.1,tssI,10,NZ_CP022482.1_I_5_2,Island,tssI-evpJ island
NZ_CP022482.1|656|WP_016721870.1,IS5,IS5,IS1021,NZ_CP022482.1|642|WP_071014975.1,evpJ,14,NZ_CP022482.1_I_5_3,Island,tssI-evpJ island
NZ_CP022482.1|903|WP_127591846.1,IS5,IS427,IS1421,NZ_CP022482.1|893|WP_111375064.1,tssI,10,NZ_CP022482.1_I_1_5,Island,tssI island
NZ_CP022483.1|73|WP_127592033.1,IS21,unknown,ISRme9,NZ_CP022483.1|53|WP_111375378.1,tssI,20,NZ_CP022483.1_I_1_1,Island,tssI island
NZ_CP022703.1|1256|WP_071653928.1,IS5,unknown,ISRso1,NZ_CP022703.1|1247|WP_071508021.1,tssI,9,NZ_CP022703.1_I_1_5,Island,tssI island
NZ_CP022703.1|1389|WP_071653888.1,IS5,unknown,ISRso1,NZ_CP022703.1|1385|WP_071623901.1,tssI,4,NZ_CP022703.1_T_1,T6SS,T6SS
NZ_CP022703.1|1390|WP_011003443.1,IS701,unknown,ISRso17,NZ_CP022703.1|1398|WP_011004059.1,tssL,8,NZ_CP022703.1_T_1,T6SS,T6SS
NZ_CP022703.1|243|WP_103025940.1,IS3,IS2,ISRso10,NZ_CP022703.1|257|WP_071895708.1,tssI,14,NZ_CP022703.1_I_1_2,Island,tssI island
NZ_CP022703.1|363|WP_086004752.1,IS5,IS427,IS1421,NZ_CP022703.1|351|WP_011003818.1,evpJ,12,NZ_CP022703.1_I_5_3,Island,tssI-evpJ island
NZ_CP022756.1|1101|WP_016723619.1,IS5,IS5,IS1405,NZ_CP022756.1|1106|WP_118888221.1,evpJ,5,NZ_CP022756.1_I_5_5,Island,tssI-evpJ island
NZ_CP022756.1|419|WP_019719041.1,IS110,IS1111,ISBcen4,NZ_CP022756.1|421|WP_016725434.1,tssI,2,NZ_CP022756.1_I_5_2,Island,tssI-evpJ island
NZ_CP022756.1|528|WP_019719041.1,IS110,IS1111,ISBcen4,NZ_CP022756.1|513|WP_118888169.1,tssI,15,NZ_CP022756.1_I_1_3,Island,tssI island
NZ_CP022756.1|707|WP_020830182.1,IS5,unknown,ISRso1,NZ_CP022756.1|704|WP_020830185.1,tssI,3,NZ_CP022756.1_T_1,T6SS,T6SS
NZ_CP022756.1|711|WP_096761515.1,IS5,IS427,IS1421,NZ_CP022756.1|718|WP_011004059.1,tssL,7,NZ_CP022756.1_T_1,T6SS,T6SS
NZ_CP022760.1|587|WP_118870350.1,IS5,IS427,IS1421,NZ_CP022760.1|581|WP_118870347.1,tssI,6,NZ_CP022760.1_T_1,T6SS,T6SS
NZ_CP022766.1|1097|WP_016723619.1,IS5,IS5,IS1405,NZ_CP022766.1|1102|WP_118888221.1,evpJ,5,NZ_CP022766.1_I_5_5,Island,tssI-evpJ island
NZ_CP022766.1|412|WP_019719041.1,IS110,IS1111,ISBcen4,NZ_CP022766.1|414|WP_016725434.1,tssI,2,NZ_CP022766.1_I_5_2,Island,tssI-evpJ island
NZ_CP022766.1|522|WP_019719041.1,IS110,IS1111,ISBcen4,NZ_CP022766.1|507|WP_118888169.1,tssI,15,NZ_CP022766.1_I_1_3,Island,tssI island
NZ_CP022766.1|700|WP_020830182.1,IS5,unknown,ISRso1,NZ_CP022766.1|697|WP_020830185.1,tssI,3,NZ_CP022766.1_T_1,T6SS,T6SS
NZ_CP022766.1|703|WP_096761515.1,IS5,IS427,IS1421,NZ_CP022766.1|710|WP_011004059.1,tssL,7,NZ_CP022766.1_T_1,T6SS,T6SS
NZ_CP022769.1|1095|WP_086005422.1,IS3,IS51,ISAisp2,NZ_CP022769.1|1110|WP_118888221.1,evpJ,15,NZ_CP022769.1_I_5_5,Island,tssI-evpJ island
NZ_CP022769.1|413|WP_016721735.1,IS5,IS5,IS1405,NZ_CP022769.1|411|WP_016727648.1,evpJ,2,NZ_CP022769.1_I_5_2,Island,tssI-evpJ island
NZ_CP022769.1|417|WP_019719041.1,IS110,IS1111,ISBcen4,NZ_CP022769.1|419|WP_016725434.1,tssI,2,NZ_CP022769.1_I_5_2,Island,tssI-evpJ island
NZ_CP022769.1|527|WP_019719041.1,IS110,IS1111,ISBcen4,NZ_CP022769.1|512|WP_118888169.1,tssI,15,NZ_CP022769.1_I_1_3,Island,tssI island
NZ_CP022769.1|707|WP_020830182.1,IS5,unknown,ISRso1,NZ_CP022769.1|704|WP_020830185.1,tssI,3,NZ_CP022769.1_T_1,T6SS,T6SS
NZ_CP022769.1|710|WP_096761515.1,IS5,IS427,IS1421,NZ_CP022769.1|717|WP_011004059.1,tssL,7,NZ_CP022769.1_T_1,T6SS,T6SS
NZ_CP022773.1|424|WP_019719041.1,IS110,IS1111,ISBcen4,NZ_CP022773.1|426|WP_016725434.1,tssI,2,NZ_CP022773.1_I_5_2,Island,tssI-evpJ island
NZ_CP022773.1|494|WP_020830182.1,IS5,unknown,ISRso1,NZ_CP022773.1|491|WP_020830185.1,tssI,3,NZ_CP022773.1_T_1,T6SS,T6SS
NZ_CP022773.1|497|WP_096761515.1,IS5,IS427,IS1421,NZ_CP022773.1|504|WP_011004059.1,tssL,7,NZ_CP022773.1_T_1,T6SS,T6SS
NZ_CP022773.1|889|WP_016723619.1,IS5,IS5,IS1405,NZ_CP022773.1|894|WP_118888221.1,evpJ,5,NZ_CP022773.1_I_5_3,Island,tssI-evpJ island
NZ_CP022779.1|1112|WP_016723619.1,IS5,IS5,IS1405,NZ_CP022779.1|1117|WP_118888221.1,evpJ,5,NZ_CP022779.1_I_5_5,Island,tssI-evpJ island
NZ_CP022779.1|414|WP_016721735.1,IS5,IS5,IS1405,NZ_CP022779.1|412|WP_016727648.1,evpJ,2,NZ_CP022779.1_I_5_2,Island,tssI-evpJ island
NZ_CP022779.1|418|WP_019719041.1,IS110,IS1111,ISBcen4,NZ_CP022779.1|420|WP_016725434.1,tssI,2,NZ_CP022779.1_I_5_2,Island,tssI-evpJ island
NZ_CP022779.1|528|WP_019719041.1,IS110,IS1111,ISBcen4,NZ_CP022779.1|513|WP_118888169.1,tssI,15,NZ_CP022779.1_I_1_3,Island,tssI island
NZ_CP022779.1|708|WP_020830182.1,IS5,unknown,ISRso1,NZ_CP022779.1|705|WP_020830185.1,tssI,3,NZ_CP022779.1_T_1,T6SS,T6SS
NZ_CP022779.1|711|WP_096761515.1,IS5,IS427,IS1421,NZ_CP022779.1|718|WP_011004059.1,tssL,7,NZ_CP022779.1_T_1,T6SS,T6SS
NZ_CP022781.1|1178|WP_019719041.1,IS110,IS1111,ISBcen4,NZ_CP022781.1|1176|WP_016725434.1,tssI,2,NZ_CP022781.1_I_5_5,Island,tssI-evpJ island
NZ_CP022781.1|138|WP_016721735.1,IS5,IS5,IS1405,NZ_CP022781.1|121|WP_086706412.1,tssI,17,NZ_CP022781.1_I_1_1,Island,tssI island
NZ_CP022781.1|449|WP_016721870.1,IS5,IS5,IS1021,NZ_CP022781.1|444|WP_118888221.1,evpJ,5,NZ_CP022781.1_I_5_2,Island,tssI-evpJ island
NZ_CP022781.1|842|WP_096761515.1,IS5,IS427,IS1421,NZ_CP022781.1|835|WP_011004059.1,tssL,7,NZ_CP022781.1_T_1,T6SS,T6SS
NZ_CP022781.1|845|WP_020830182.1,IS5,unknown,ISRso1,NZ_CP022781.1|848|WP_020830185.1,tssI,3,NZ_CP022781.1_T_1,T6SS,T6SS
NZ_CP022783.1|415|WP_019719041.1,IS110,IS1111,ISBcen4,NZ_CP022783.1|417|WP_071624076.1,tssI,2,NZ_CP022783.1_I_5_2,Island,tssI-evpJ island
NZ_CP022783.1|516|WP_086004752.1,IS5,IS427,IS1421,NZ_CP022783.1|512|WP_020830263.1,evpJ,4,NZ_CP022783.1_I_5_3,Island,tssI-evpJ island
NZ_CP022783.1|622|WP_016723619.1,IS5,IS5,IS1405,NZ_CP022783.1|624|WP_118872641.1,tssI,2,NZ_CP022783.1_T_1,T6SS,T6SS
NZ_CP022785.1|1018|WP_016723619.1,IS5,IS5,IS1405,NZ_CP022785.1|1023|WP_118888221.1,evpJ,5,NZ_CP022785.1_I_5_4,Island,tssI-evpJ island
NZ_CP022785.1|416|WP_019719041.1,IS110,IS1111,ISBcen4,NZ_CP022785.1|418|WP_016725434.1,tssI,2,NZ_CP022785.1_I_5_2,Island,tssI-evpJ island
NZ_CP022785.1|504|WP_016721870.1,IS5,IS5,IS1021,NZ_CP022785.1|509|WP_071508286.1,tssI,5,NZ_CP022785.1_I_5_3,Island,tssI-evpJ island
NZ_CP022785.1|629|WP_020830182.1,IS5,unknown,ISRso1,NZ_CP022785.1|626|WP_020830186.1,tssH,3,NZ_CP022785.1_T_1,T6SS,T6SS
NZ_CP022785.1|632|WP_096761515.1,IS5,IS427,IS1421,NZ_CP022785.1|640|WP_071895778.1,tssM,8,NZ_CP022785.1_T_1,T6SS,T6SS
NZ_CP022787.1|104|WP_016721870.1,IS5,IS5,IS1021,NZ_CP022787.1|121|WP_086706412.1,tssI,17,NZ_CP022787.1_I_1_1,Island,tssI island
NZ_CP022787.1|1054|WP_016723619.1,IS5,IS5,IS1405,NZ_CP022787.1|1059|WP_118888221.1,evpJ,5,NZ_CP022787.1_I_5_4,Island,tssI-evpJ island
NZ_CP022787.1|449|WP_019719041.1,IS110,IS1111,ISBcen4,NZ_CP022787.1|451|WP_016725434.1,tssI,2,NZ_CP022787.1_I_5_2,Island,tssI-evpJ island
NZ_CP022787.1|678|WP_086004752.1,IS5,IS427,IS1421,NZ_CP022787.1|675|WP_071895776.1,tssI,3,NZ_CP022787.1_T_1,T6SS,T6SS
NZ_CP022789.1|591|WP_118870350.1,IS5,IS427,IS1421,NZ_CP022789.1|585|WP_118870347.1,tssI,6,NZ_CP022789.1_T_1,T6SS,T6SS
NZ_CP022791.1|1012|WP_086005422.1,IS3,IS51,ISAisp2,NZ_CP022791.1|1030|WP_069079411.1,evpJ,18,NZ_CP022791.1_I_5_2,Island,tssI-evpJ island
NZ_CP022791.1|1510|WP_069078857.1,IS5,IS903,IS1420,NZ_CP022791.1|1520|WP_240438531.1,tssI,10,NZ_CP022791.1_I_1_3,Island,tssI island
NZ_CP022791.1|343|WP_069079627.1,IS110,IS1111,ISBcen4,NZ_CP022791.1|345|WP_118941061.1,tssI,2,NZ_CP022791.1_I_1_1,Island,tssI island
NZ_CP022791.1|533|WP_069078857.1,IS5,IS903,IS1420,NZ_CP022791.1|541|WP_069079381.1,tssI,8,NZ_CP022791.1_T_1,T6SS,T6SS
NZ_CP022791.1|556|WP_020830182.1,IS5,unknown,ISRso1,NZ_CP022791.1|553|WP_020830185.1,tssI,3,NZ_CP022791.1_T_1,T6SS,T6SS
NZ_CP022791.1|562|WP_016721735.1,IS5,IS5,IS1405,NZ_CP022791.1|569|WP_069079607.1,tssL,7,NZ_CP022791.1_T_1,T6SS,T6SS
NZ_CP022793.1|1038|WP_016723619.1,IS5,IS5,IS1405,NZ_CP022793.1|1043|WP_118888221.1,evpJ,5,NZ_CP022793.1_I_5_4,Island,tssI-evpJ island
NZ_CP022793.1|425|WP_019719041.1,IS110,IS1111,ISBcen4,NZ_CP022793.1|427|WP_016725434.1,tssI,2,NZ_CP022793.1_I_5_2,Island,tssI-evpJ island
NZ_CP022793.1|513|WP_016721870.1,IS5,IS5,IS1021,NZ_CP022793.1|518|WP_071508286.1,tssI,5,NZ_CP022793.1_I_5_3,Island,tssI-evpJ island
NZ_CP022793.1|643|WP_020830182.1,IS5,unknown,ISRso1,NZ_CP022793.1|640|WP_020830185.1,tssI,3,NZ_CP022793.1_T_1,T6SS,T6SS
NZ_CP022793.1|646|WP_096761515.1,IS5,IS427,IS1421,NZ_CP022793.1|653|WP_011004059.1,tssL,7,NZ_CP022793.1_T_1,T6SS,T6SS
NZ_CP022795.1|415|WP_019719041.1,IS110,IS1111,ISBcen4,NZ_CP022795.1|417|WP_071624076.1,tssI,2,NZ_CP022795.1_I_5_2,Island,tssI-evpJ island
NZ_CP022795.1|515|WP_086004752.1,IS5,IS427,IS1421,NZ_CP022795.1|511|WP_020830263.1,evpJ,4,NZ_CP022795.1_I_5_3,Island,tssI-evpJ island
NZ_CP022795.1|625|WP_016723619.1,IS5,IS5,IS1405,NZ_CP022795.1|627|WP_118872641.1,tssI,2,NZ_CP022795.1_T_1,T6SS,T6SS
NZ_CP023205.1|36|WP_085962370.1,IS5,IS427,ISCji1,NZ_CP023205.1|31|WP_012735336.1,evpJ,5,NZ_CP023205.1_I_5_1,Island,tssI-evpJ island
NZ_CP025986.1|113|WP_103025546.1,IS5,IS5,IS1021,NZ_CP025986.1|109|WP_058908605.1,tssI,4,NZ_CP025986.1_I_1_1,Island,tssI island
NZ_CP025986.1|1271|WP_103025565.1,IS256,unknown,ISRso7,NZ_CP025986.1|1275|WP_071615603.1,evpJ,4,NZ_CP025986.1_I_5_3,Island,tssI-evpJ island
NZ_CP025986.1|1286|WP_086005422.1,IS3,IS51,ISAisp2,NZ_CP025986.1|1280|WP_233904065.1,tssI,6,NZ_CP025986.1_I_5_3,Island,tssI-evpJ island
NZ_CP025986.1|1492|WP_016723619.1,IS5,IS5,IS1405,NZ_CP025986.1|1493|WP_233904042.1,evpJ,1,NZ_CP025986.1_I_5_4,Island,tssI-evpJ island
NZ_CP025986.1|621|WP_016723619.1,IS5,IS5,IS1405,NZ_CP025986.1|619|WP_019719251.1,evpJ,2,NZ_CP025986.1_I_5_2,Island,tssI-evpJ island
NZ_CP026308.1|494|WP_086002887.1,IS3,IS2,ISRso10,NZ_CP026308.1|487|WP_174265678.1,evpJ,7,NZ_CP026308.1_I_5_3,Island,tssI-evpJ island
NZ_CP026308.1|58|WP_039548595.1,IS21,unknown,ISRso19,NZ_CP026308.1|63|WP_014618393.1,tssI,5,NZ_CP026308.1_I_5_1,Island,tssI-evpJ island
NZ_CP026559.1|151|WP_007247680.1,IS630,unknown,ISPsy1,NZ_CP026559.1|143|WP_031598893.1,tssD,8,NZ_CP026559.1_I_0_1,Island,tssD island
NZ_CP026563.1|70|WP_103365300.1,IS630,unknown,ISPsy32,NZ_CP026563.1|72|WP_060402442.1,tssD,2,NZ_CP026563.1_I_0_1,Island,tssD island
NZ_CP027853.1|17|WP_106910689.1,IS3,IS3,IS911,NZ_CP027853.1|27|WP_106912183.1,tssI,10,NZ_CP027853.1_I_2_1,Island,tssD-tssI island
NZ_CP027853.1|62|WP_001339197.1,IS4,IS10,ISVsa5,NZ_CP027853.1|70|WP_106912212.1,tssI,8,NZ_CP027853.1_I_2_2,Island,tssD-tssI island
NZ_CP028034.2|240|WP_013027946.1,ISNCY,ISPlu15,ISSen7,NZ_CP028034.2|225|WP_110146466.1,tssA,15,NZ_CP028034.2_T_1,T6SS,T6SS
NZ_CP028965.1|251|WP_115531492.1,IS5,IS427,IS402,NZ_CP028965.1|248|WP_038442301.1,tssI,3,NZ_CP028965.1_I_1_1,Island,tssI island
NZ_CP033469.1|55|WP_123061204.1,ISNCY,ISPlu15,ISSen7,NZ_CP033469.1|38|WP_123061176.1,tssB,17,NZ_CP033469.1_T_1,T6SS,T6SS
NZ_CP033968.1|234|WP_085960481.1,IS3,IS3,ISRme13,NZ_CP033968.1|253|WP_017513001.1,tssI,19,NZ_CP033968.1_I_1_1,Island,tssI island
NZ_CP034317.1|195|WP_085955172.1,IS3,IS2,ISEcl1,NZ_CP034317.1|194|WP_228722969.1,tssM,1,NZ_CP034317.1_T_1,T6SS,T6SS
NZ_CP034317.1|199|WP_094318435.1,IS3,IS407,ISKpn54,NZ_CP034317.1|202|WP_162299097.1,tssI,3,NZ_CP034317.1_T_1,T6SS,T6SS
NZ_CP034999.1|393|WP_054186386.1,ISNCY,IS1202,ISRel10,NZ_CP034999.1|378|WP_054185909.1,tssM,15,NZ_CP034999.1_T_1,T6SS,T6SS
NZ_CP035036.1|37|WP_110286871.1,ISNCY,ISPlu15,ISSen7,NZ_CP035036.1|22|WP_128392630.1,tssA,15,NZ_CP035036.1_T_1,T6SS,T6SS
NZ_CP035335.1|24|WP_089541817.1,IS3,IS2,IS2,NZ_CP035335.1|25|WP_000245849.1,tssC,1,NZ_CP035335.1_T_1,T6SS,T6SS
NZ_CP035861.1|110|WP_216334280.1,IS21,unknown,ISEc62,NZ_CP035861.1|107|WP_216334276.1,tssH,3,NZ_CP035861.1_T_1,T6SS,T6SS
NZ_CP035903.1|15|WP_161521383.1,IS5,IS427,ISBugl2,NZ_CP035903.1|11|WP_012735336.1,evpJ,4,NZ_CP035903.1_I_5_1,Island,tssI-evpJ island
NZ_CP039693.1|25|WP_136954438.1,IS66,unknown,ISAtu6,NZ_CP039693.1|33|WP_084631810.1,tssI,8,NZ_CP039693.1_I_1_1,Island,tssI island
NZ_CP039827.1|3|WP_162263517.1,IS3,IS407,ISEcl10,NZ_CP039827.1|7|WP_227652073.1,tssI,4,NZ_CP039827.1_I_1_1,Island,tssI island
NZ_CP042296.1|43|WP_001254932.1,IS30,unknown,IS30D,NZ_CP042296.1|57|WP_042966322.1,tssH,14,NZ_CP042296.1_T_1,T6SS,T6SS
NZ_CP042296.1|74|WP_148050543.1,IS21,unknown,ISEc10,NZ_CP042296.1|71|WP_042965825.1,tssB,3,NZ_CP042296.1_T_1,T6SS,T6SS
NZ_CP042885.1|116|WP_000080164.1,IS66,unknown,ISEc47,NZ_CP042885.1|109|WP_173002212.1,tssH,7,NZ_CP042885.1_T_1,T6SS,T6SS
NZ_CP042885.1|77|WP_173002185.1,ISL3,unknown,ISEc38,NZ_CP042885.1|95|WP_032180158.1,tssB,18,NZ_CP042885.1_T_1,T6SS,T6SS
NZ_CP045089.1|38|WP_085962421.1,IS5,IS427,ISCji1,NZ_CP045089.1|37|WP_039203083.1,tssI,1,NZ_CP045089.1_I_5_1,Island,tssI-evpJ island
NZ_CP046026.1|52|WP_000427619.1,IS110,IS1111,IS5075,NZ_CP046026.1|57|WP_048821772.1,tssD,5,NZ_CP046026.1_I_0_1,Island,tssD island
NZ_CP046730.1|346|WP_211903449.1,IS3,IS51,ISBt3,NZ_CP046730.1|339|WP_211905774.1,tssI,7,NZ_CP046730.1_T_1,T6SS,T6SS
NZ_CP047114.1|102|WP_001067855.1,IS6,unknown,IS26,NZ_CP047114.1|119|WP_159242433.1,tssD,17,NZ_CP047114.1_I_0_1,Island,tssD island
NZ_CP047317.1|42|WP_159372732.1,IS5,IS427,ISJp4,NZ_CP047317.1|26|WP_236577954.1,tssI,16,NZ_CP047317.1_I_1_1,Island,tssI island
NZ_CP048444.1|56|WP_007182917.1,IS5,IS5,ISBmu23,NZ_CP048444.1|54|WP_206382286.1,tssI,2,NZ_CP048444.1_I_1_1,Island,tssI island
NZ_CP048671.1|59|WP_180081891.1,IS5,IS903,ISAba13,NZ_CP048671.1|55|WP_180109914.1,tssI,4,NZ_CP048671.1_I_1_1,Island,tssI island
NZ_CP048706.1|43|WP_000654811.1,IS5,IS903,ISPan1,NZ_CP048706.1|41|WP_032673825.1,tssD,2,NZ_CP048706.1_I_0_1,Island,tssD island
NZ_CP049788.1|1053|WP_019719041.1,IS110,IS1111,ISBcen4,NZ_CP049788.1|1051|WP_165592083.1,tssI,2,NZ_CP049788.1_I_5_4,Island,tssI-evpJ island
NZ_CP049788.1|1388|WP_165592145.1,IS5,unknown,ISRso1,NZ_CP049788.1|1368|WP_165592143.1,tssI,20,NZ_CP049788.1_I_1_5,Island,tssI island
NZ_CP049788.1|582|WP_086004752.1,IS5,IS427,IS1421,NZ_CP049788.1|587|WP_165591933.1,tssI,5,NZ_CP049788.1_T_1,T6SS,T6SS
NZ_CP049788.1|881|WP_016721870.1,IS5,IS5,IS1021,NZ_CP049788.1|876|WP_165591999.1,tssI,5,NZ_CP049788.1_I_5_2,Island,tssI-evpJ island
NZ_CP049788.1|931|WP_019719041.1,IS110,IS1111,ISBcen4,NZ_CP049788.1|946|WP_240924202.1,tssI,15,NZ_CP049788.1_I_1_3,Island,tssI island
NZ_CP049790.1|1125|WP_016723619.1,IS5,IS5,IS1405,NZ_CP049790.1|1142|WP_019719249.1,tssI,17,NZ_CP049790.1_I_5_6,Island,tssI-evpJ island
NZ_CP049790.1|893|WP_011003443.1,IS701,unknown,ISRso17,NZ_CP049790.1|885|WP_089191094.1,tssL,8,NZ_CP049790.1_T_1,T6SS,T6SS
NZ_CP049790.1|894|WP_071653888.1,IS5,unknown,ISRso1,NZ_CP049790.1|898|WP_071623901.1,tssI,4,NZ_CP049790.1_T_1,T6SS,T6SS
NZ_CP049792.1|717|WP_016723619.1,IS5,IS5,IS1405,NZ_CP049792.1|700|WP_019719249.1,tssI,17,NZ_CP049792.1_I_5_4,Island,tssI-evpJ island
NZ_CP049792.1|949|WP_071653888.1,IS5,unknown,ISRso1,NZ_CP049792.1|945|WP_071623901.1,tssI,4,NZ_CP049792.1_T_1,T6SS,T6SS
NZ_CP049792.1|950|WP_011003443.1,IS701,unknown,ISRso17,NZ_CP049792.1|958|WP_089191094.1,tssL,8,NZ_CP049792.1_T_1,T6SS,T6SS
NZ_CP049794.1|1126|WP_071653888.1,IS5,unknown,ISRso1,NZ_CP049794.1|1122|WP_071623901.1,tssI,4,NZ_CP049794.1_T_1,T6SS,T6SS
NZ_CP049794.1|1127|WP_011003443.1,IS701,unknown,ISRso17,NZ_CP049794.1|1135|WP_089191094.1,tssL,8,NZ_CP049794.1_T_1,T6SS,T6SS
NZ_CP049794.1|894|WP_016723619.1,IS5,IS5,IS1405,NZ_CP049794.1|877|WP_019719249.1,tssI,17,NZ_CP049794.1_I_5_4,Island,tssI-evpJ island
NZ_CP050702.1|20|WP_208738164.1,IS630,unknown,ISAhy2,NZ_CP050702.1|17|WP_033114640.1,tssB,3,NZ_CP050702.1_T_1,T6SS,T6SS
NZ_CP051174.1|535|WP_020831836.1,IS630,unknown,ISVei4,NZ_CP051174.1|530|WP_064478422.1,tssI,5,NZ_CP051174.1_T_1,T6SS,T6SS
NZ_CP051174.1|642|WP_011000219.1,IS256,unknown,ISRso7,NZ_CP051174.1|637|WP_011003927.1,tssI,5,NZ_CP051174.1_I_1_2,Island,tssI island
NZ_CP051176.1|274|WP_141515312.1,IS1595,ISPna2,ISRso22,NZ_CP051176.1|277|WP_094395051.1,evpJ,3,NZ_CP051176.1_T_1,T6SS,T6SS
NZ_CP051176.1|824|WP_193010661.1,IS630,unknown,ISAzo32,NZ_CP051176.1|804|WP_247664182.1,tssI,20,NZ_CP051176.1_I_5_5,Island,tssI-evpJ island
NZ_CP051489.1|18|WP_187802901.1,IS3,IS407,ISEhe4,NZ_CP051489.1|19|WP_187802902.1,tssI,1,NZ_CP051489.1_I_5_1,Island,tssI-evpJ island
NZ_CP052069.1|1020|WP_016721870.1,IS5,IS5,IS1021,NZ_CP052069.1|1025|WP_071508451.1,evpJ,5,NZ_CP052069.1_I_5_4,Island,tssI-evpJ island
NZ_CP052069.1|1430|WP_016721735.1,IS5,IS5,IS1405,NZ_CP052069.1|1431|WP_021155862.1,tssI,1,NZ_CP052069.1_I_1_5,Island,tssI island
NZ_CP052069.1|408|WP_019719041.1,IS110,IS1111,ISBcen4,NZ_CP052069.1|406|WP_016727648.1,evpJ,2,NZ_CP052069.1_I_5_2,Island,tssI-evpJ island
NZ_CP052069.1|617|WP_020830182.1,IS5,unknown,ISRso1,NZ_CP052069.1|615|WP_020830185.1,tssI,2,NZ_CP052069.1_T_1,T6SS,T6SS
NZ_CP052069.1|622|WP_016721870.1,IS5,IS5,IS1021,NZ_CP052069.1|627|WP_011004059.1,tssL,5,NZ_CP052069.1_T_1,T6SS,T6SS
NZ_CP052069.1|638|WP_016723619.1,IS5,IS5,IS1405,NZ_CP052069.1|634|WP_086706454.1,tssI,4,NZ_CP052069.1_T_1,T6SS,T6SS
NZ_CP052071.1|1001|WP_016723619.1,IS5,IS5,IS1405,NZ_CP052071.1|1003|WP_020830185.1,tssI,2,NZ_CP052071.1_T_1,T6SS,T6SS
NZ_CP052071.1|1023|WP_016725474.1,ISL3,unknown,ISRso21,NZ_CP052071.1|1015|WP_071508294.1,tssI,8,NZ_CP052071.1_T_1,T6SS,T6SS
NZ_CP052071.1|1160|WP_016725474.1,ISL3,unknown,ISRso21,NZ_CP052071.1|1171|WP_071895800.1,evpJ,11,NZ_CP052071.1_I_5_6,Island,tssI-evpJ island
NZ_CP052071.1|127|WP_016721870.1,IS5,IS5,IS1021,NZ_CP052071.1|131|WP_071895849.1,tssI,4,NZ_CP052071.1_I_1_2,Island,tssI island
NZ_CP052071.1|422|WP_187810765.1,IS5,unknown,ISRso1,NZ_CP052071.1|422|WP_187810765.1,evpJ,0,NZ_CP052071.1_I_5_3,Island,tssI-evpJ island
NZ_CP052071.1|424|WP_019719041.1,IS110,IS1111,ISBcen4,NZ_CP052071.1|426|WP_016725434.1,tssI,2,NZ_CP052071.1_I_5_3,Island,tssI-evpJ island
NZ_CP052071.1|528|WP_016721735.1,IS5,IS5,IS1405,NZ_CP052071.1|514|WP_071895708.1,tssI,14,NZ_CP052071.1_I_1_4,Island,tssI island
NZ_CP052071.1|996|WP_016723619.1,IS5,IS5,IS1405,NZ_CP052071.1|989|WP_011004059.1,tssL,7,NZ_CP052071.1_T_1,T6SS,T6SS
NZ_CP052073.1|1014|WP_016725474.1,ISL3,unknown,ISRso21,NZ_CP052073.1|1006|WP_071508294.1,tssI,8,NZ_CP052073.1_T_1,T6SS,T6SS
NZ_CP052073.1|1150|WP_016725474.1,ISL3,unknown,ISRso21,NZ_CP052073.1|1161|WP_071895800.1,evpJ,11,NZ_CP052073.1_I_5_6,Island,tssI-evpJ island
NZ_CP052073.1|127|WP_016721870.1,IS5,IS5,IS1021,NZ_CP052073.1|131|WP_071895849.1,tssI,4,NZ_CP052073.1_I_1_2,Island,tssI island
NZ_CP052073.1|416|WP_187810765.1,IS5,unknown,ISRso1,NZ_CP052073.1|416|WP_187810765.1,evpJ,0,NZ_CP052073.1_I_5_3,Island,tssI-evpJ island
NZ_CP052073.1|418|WP_019719041.1,IS110,IS1111,ISBcen4,NZ_CP052073.1|420|WP_016725434.1,tssI,2,NZ_CP052073.1_I_5_3,Island,tssI-evpJ island
NZ_CP052073.1|522|WP_016721735.1,IS5,IS5,IS1405,NZ_CP052073.1|508|WP_071895708.1,tssI,14,NZ_CP052073.1_I_1_4,Island,tssI island
NZ_CP052073.1|987|WP_016723619.1,IS5,IS5,IS1405,NZ_CP052073.1|980|WP_011004059.1,tssL,7,NZ_CP052073.1_T_1,T6SS,T6SS
NZ_CP052073.1|992|WP_016723619.1,IS5,IS5,IS1405,NZ_CP052073.1|994|WP_020830185.1,tssI,2,NZ_CP052073.1_T_1,T6SS,T6SS
NZ_CP052075.1|1000|WP_016723619.1,IS5,IS5,IS1405,NZ_CP052075.1|1002|WP_020830185.1,tssI,2,NZ_CP052075.1_T_1,T6SS,T6SS
NZ_CP052075.1|1022|WP_016725474.1,ISL3,unknown,ISRso21,NZ_CP052075.1|1014|WP_071508294.1,tssI,8,NZ_CP052075.1_T_1,T6SS,T6SS
NZ_CP052075.1|1159|WP_016725474.1,ISL3,unknown,ISRso21,NZ_CP052075.1|1170|WP_071895800.1,evpJ,11,NZ_CP052075.1_I_5_6,Island,tssI-evpJ island
NZ_CP052075.1|127|WP_016721870.1,IS5,IS5,IS1021,NZ_CP052075.1|131|WP_086706412.1,tssI,4,NZ_CP052075.1_I_1_2,Island,tssI island
NZ_CP052075.1|422|WP_187810765.1,IS5,unknown,ISRso1,NZ_CP052075.1|422|WP_187810765.1,evpJ,0,NZ_CP052075.1_I_5_3,Island,tssI-evpJ island
NZ_CP052075.1|424|WP_019719041.1,IS110,IS1111,ISBcen4,NZ_CP052075.1|426|WP_016725434.1,tssI,2,NZ_CP052075.1_I_5_3,Island,tssI-evpJ island
NZ_CP052075.1|527|WP_016721735.1,IS5,IS5,IS1405,NZ_CP052075.1|513|WP_071895708.1,tssI,14,NZ_CP052075.1_I_1_4,Island,tssI island
NZ_CP052075.1|995|WP_016723619.1,IS5,IS5,IS1405,NZ_CP052075.1|988|WP_011004059.1,tssL,7,NZ_CP052075.1_T_1,T6SS,T6SS
NZ_CP052077.1|1218|WP_016721735.1,IS5,IS5,IS1405,NZ_CP052077.1|1215|WP_043898138.1,tssI,3,NZ_CP052077.1_I_5_5,Island,tssI-evpJ island
NZ_CP052077.1|405|WP_019719041.1,IS110,IS1111,ISBcen4,NZ_CP052077.1|407|WP_173940845.1,tssI,2,NZ_CP052077.1_I_5_2,Island,tssI-evpJ island
NZ_CP052077.1|624|WP_020830182.1,IS5,unknown,ISRso1,NZ_CP052077.1|622|WP_020830185.1,tssI,2,NZ_CP052077.1_T_1,T6SS,T6SS
NZ_CP052077.1|626|WP_173940856.1,IS5,IS427,IS1421,NZ_CP052077.1|631|WP_011004059.1,tssL,5,NZ_CP052077.1_T_1,T6SS,T6SS
NZ_CP052079.1|1226|WP_016721735.1,IS5,IS5,IS1405,NZ_CP052079.1|1223|WP_043898138.1,tssI,3,NZ_CP052079.1_I_5_5,Island,tssI-evpJ island
NZ_CP052079.1|410|WP_019719041.1,IS110,IS1111,ISBcen4,NZ_CP052079.1|412|WP_173940845.1,tssI,2,NZ_CP052079.1_I_5_2,Island,tssI-evpJ island
NZ_CP052079.1|631|WP_020830182.1,IS5,unknown,ISRso1,NZ_CP052079.1|629|WP_020830185.1,tssI,2,NZ_CP052079.1_T_1,T6SS,T6SS
NZ_CP052079.1|633|WP_173940856.1,IS5,IS427,IS1421,NZ_CP052079.1|638|WP_011004059.1,tssL,5,NZ_CP052079.1_T_1,T6SS,T6SS
NZ_CP052081.1|1226|WP_016721735.1,IS5,IS5,IS1405,NZ_CP052081.1|1223|WP_043898138.1,tssI,3,NZ_CP052081.1_I_5_5,Island,tssI-evpJ island
NZ_CP052081.1|410|WP_019719041.1,IS110,IS1111,ISBcen4,NZ_CP052081.1|412|WP_173940845.1,tssI,2,NZ_CP052081.1_I_5_2,Island,tssI-evpJ island
NZ_CP052081.1|631|WP_020830182.1,IS5,unknown,ISRso1,NZ_CP052081.1|629|WP_020830185.1,tssI,2,NZ_CP052081.1_T_1,T6SS,T6SS
NZ_CP052081.1|633|WP_173940856.1,IS5,IS427,IS1421,NZ_CP052081.1|638|WP_011004059.1,tssL,5,NZ_CP052081.1_T_1,T6SS,T6SS
NZ_CP052083.1|1226|WP_016721735.1,IS5,IS5,IS1405,NZ_CP052083.1|1223|WP_043898138.1,tssI,3,NZ_CP052083.1_I_5_5,Island,tssI-evpJ island
NZ_CP052083.1|410|WP_019719041.1,IS110,IS1111,ISBcen4,NZ_CP052083.1|412|WP_173940845.1,tssI,2,NZ_CP052083.1_I_5_2,Island,tssI-evpJ island
NZ_CP052083.1|631|WP_020830182.1,IS5,unknown,ISRso1,NZ_CP052083.1|629|WP_020830185.1,tssI,2,NZ_CP052083.1_T_1,T6SS,T6SS
NZ_CP052083.1|633|WP_173940856.1,IS5,IS427,IS1421,NZ_CP052083.1|638|WP_011004059.1,tssL,5,NZ_CP052083.1_T_1,T6SS,T6SS
NZ_CP052085.1|28|WP_086005422.1,IS3,IS51,ISAisp2,NZ_CP052085.1|29|WP_089190946.1,evpJ,1,NZ_CP052085.1_I_5_1,Island,tssI-evpJ island
NZ_CP052085.1|452|WP_011003443.1,IS701,unknown,ISRso17,NZ_CP052085.1|454|WP_019719251.1,evpJ,2,NZ_CP052085.1_I_5_3,Island,tssI-evpJ island
NZ_CP052085.1|563|WP_162915984.1,IS3,IS2,ISButh1,NZ_CP052085.1|550|WP_173941694.1,tssI,13,NZ_CP052085.1_I_1_4,Island,tssI island
NZ_CP052085.1|700|WP_071653888.1,IS5,unknown,ISRso1,NZ_CP052085.1|696|WP_071623901.1,tssI,4,NZ_CP052085.1_T_1,T6SS,T6SS
NZ_CP052085.1|701|WP_173941706.1,IS701,unknown,ISRso17,NZ_CP052085.1|709|WP_011004059.1,tssL,8,NZ_CP052085.1_T_1,T6SS,T6SS
NZ_CP052087.1|28|WP_086005422.1,IS3,IS51,ISAisp2,NZ_CP052087.1|29|WP_089190946.1,evpJ,1,NZ_CP052087.1_I_5_1,Island,tssI-evpJ island
NZ_CP052087.1|451|WP_011003443.1,IS701,unknown,ISRso17,NZ_CP052087.1|453|WP_019719251.1,evpJ,2,NZ_CP052087.1_I_5_3,Island,tssI-evpJ island
NZ_CP052087.1|564|WP_162915984.1,IS3,IS2,ISButh1,NZ_CP052087.1|551|WP_173941694.1,tssI,13,NZ_CP052087.1_I_1_4,Island,tssI island
NZ_CP052087.1|701|WP_071653888.1,IS5,unknown,ISRso1,NZ_CP052087.1|697|WP_071623901.1,tssI,4,NZ_CP052087.1_T_1,T6SS,T6SS
NZ_CP052087.1|702|WP_173941706.1,IS701,unknown,ISRso17,NZ_CP052087.1|710|WP_011004059.1,tssL,8,NZ_CP052087.1_T_1,T6SS,T6SS
NZ_CP052089.1|28|WP_086005422.1,IS3,IS51,ISAisp2,NZ_CP052089.1|29|WP_089190946.1,evpJ,1,NZ_CP052089.1_I_5_1,Island,tssI-evpJ island
NZ_CP052089.1|451|WP_011003443.1,IS701,unknown,ISRso17,NZ_CP052089.1|453|WP_019719251.1,evpJ,2,NZ_CP052089.1_I_5_3,Island,tssI-evpJ island
NZ_CP052089.1|563|WP_162915984.1,IS3,IS2,ISButh1,NZ_CP052089.1|550|WP_173941694.1,tssI,13,NZ_CP052089.1_I_1_4,Island,tssI island
NZ_CP052089.1|700|WP_071653888.1,IS5,unknown,ISRso1,NZ_CP052089.1|696|WP_071623901.1,tssI,4,NZ_CP052089.1_T_1,T6SS,T6SS
NZ_CP052089.1|701|WP_173941706.1,IS701,unknown,ISRso17,NZ_CP052089.1|709|WP_011004059.1,tssL,8,NZ_CP052089.1_T_1,T6SS,T6SS
NZ_CP052091.1|414|WP_086004752.1,IS5,IS427,IS1421,NZ_CP052091.1|426|WP_011003818.1,evpJ,12,NZ_CP052091.1_I_5_2,Island,tssI-evpJ island
NZ_CP052091.1|535|WP_103025940.1,IS3,IS2,ISRso10,NZ_CP052091.1|520|WP_071895708.1,tssI,15,NZ_CP052091.1_I_1_3,Island,tssI island
NZ_CP052091.1|592|WP_020829521.1,IS5,IS5,IS1021,NZ_CP052091.1|591|WP_071508021.1,tssI,1,NZ_CP052091.1_I_1_4,Island,tssI island
NZ_CP052091.1|732|WP_071653888.1,IS5,unknown,ISRso1,NZ_CP052091.1|728|WP_071623901.1,tssI,4,NZ_CP052091.1_T_1,T6SS,T6SS
NZ_CP052091.1|733|WP_011003443.1,IS701,unknown,ISRso17,NZ_CP052091.1|741|WP_011004059.1,tssL,8,NZ_CP052091.1_T_1,T6SS,T6SS
NZ_CP052093.1|415|WP_086004752.1,IS5,IS427,IS1421,NZ_CP052093.1|427|WP_011003818.1,evpJ,12,NZ_CP052093.1_I_5_2,Island,tssI-evpJ island
NZ_CP052093.1|536|WP_103025940.1,IS3,IS2,ISRso10,NZ_CP052093.1|521|WP_071895708.1,tssI,15,NZ_CP052093.1_I_1_3,Island,tssI island
NZ_CP052093.1|593|WP_016721870.1,IS5,IS5,IS1021,NZ_CP052093.1|592|WP_071508021.1,tssI,1,NZ_CP052093.1_I_1_4,Island,tssI island
NZ_CP052093.1|733|WP_071653888.1,IS5,unknown,ISRso1,NZ_CP052093.1|729|WP_071623901.1,tssI,4,NZ_CP052093.1_T_1,T6SS,T6SS
NZ_CP052093.1|734|WP_011003443.1,IS701,unknown,ISRso17,NZ_CP052093.1|742|WP_011004059.1,tssL,8,NZ_CP052093.1_T_1,T6SS,T6SS
NZ_CP052095.1|415|WP_086004752.1,IS5,IS427,IS1421,NZ_CP052095.1|427|WP_011003818.1,evpJ,12,NZ_CP052095.1_I_5_2,Island,tssI-evpJ island
NZ_CP052095.1|536|WP_103025940.1,IS3,IS2,ISRso10,NZ_CP052095.1|521|WP_071895708.1,tssI,15,NZ_CP052095.1_I_1_3,Island,tssI island
NZ_CP052095.1|592|WP_016721870.1,IS5,IS5,IS1021,NZ_CP052095.1|591|WP_071508021.1,tssI,1,NZ_CP052095.1_I_1_4,Island,tssI island
NZ_CP052095.1|732|WP_071653888.1,IS5,unknown,ISRso1,NZ_CP052095.1|728|WP_071623901.1,tssI,4,NZ_CP052095.1_T_1,T6SS,T6SS
NZ_CP052095.1|733|WP_011003443.1,IS701,unknown,ISRso17,NZ_CP052095.1|741|WP_011004059.1,tssL,8,NZ_CP052095.1_T_1,T6SS,T6SS
NZ_CP052097.1|415|WP_086004752.1,IS5,IS427,IS1421,NZ_CP052097.1|427|WP_011003818.1,evpJ,12,NZ_CP052097.1_I_5_2,Island,tssI-evpJ island
NZ_CP052097.1|536|WP_103025940.1,IS3,IS2,ISRso10,NZ_CP052097.1|521|WP_071895708.1,tssI,15,NZ_CP052097.1_I_1_3,Island,tssI island
NZ_CP052097.1|592|WP_020829521.1,IS5,IS5,IS1021,NZ_CP052097.1|591|WP_071508021.1,tssI,1,NZ_CP052097.1_I_1_4,Island,tssI island
NZ_CP052097.1|732|WP_071653888.1,IS5,unknown,ISRso1,NZ_CP052097.1|728|WP_071623901.1,tssI,4,NZ_CP052097.1_T_1,T6SS,T6SS
NZ_CP052097.1|733|WP_011003443.1,IS701,unknown,ISRso17,NZ_CP052097.1|741|WP_011004059.1,tssL,8,NZ_CP052097.1_T_1,T6SS,T6SS
NZ_CP052099.1|415|WP_086004752.1,IS5,IS427,IS1421,NZ_CP052099.1|427|WP_011003818.1,evpJ,12,NZ_CP052099.1_I_5_2,Island,tssI-evpJ island
NZ_CP052099.1|536|WP_103025940.1,IS3,IS2,ISRso10,NZ_CP052099.1|521|WP_071895708.1,tssI,15,NZ_CP052099.1_I_1_3,Island,tssI island
NZ_CP052099.1|592|WP_016721870.1,IS5,IS5,IS1021,NZ_CP052099.1|591|WP_071508021.1,tssI,1,NZ_CP052099.1_I_1_4,Island,tssI island
NZ_CP052099.1|732|WP_071653888.1,IS5,unknown,ISRso1,NZ_CP052099.1|728|WP_071623901.1,tssI,4,NZ_CP052099.1_T_1,T6SS,T6SS
NZ_CP052099.1|733|WP_011003443.1,IS701,unknown,ISRso17,NZ_CP052099.1|741|WP_011004059.1,tssL,8,NZ_CP052099.1_T_1,T6SS,T6SS
NZ_CP052101.1|415|WP_086004752.1,IS5,IS427,IS1421,NZ_CP052101.1|427|WP_011003818.1,evpJ,12,NZ_CP052101.1_I_5_2,Island,tssI-evpJ island
NZ_CP052101.1|536|WP_103025940.1,IS3,IS2,ISRso10,NZ_CP052101.1|521|WP_071895708.1,tssI,15,NZ_CP052101.1_I_1_3,Island,tssI island
NZ_CP052101.1|592|WP_016721870.1,IS5,IS5,IS1021,NZ_CP052101.1|591|WP_071508021.1,tssI,1,NZ_CP052101.1_I_1_4,Island,tssI island
NZ_CP052101.1|732|WP_071653888.1,IS5,unknown,ISRso1,NZ_CP052101.1|728|WP_071623901.1,tssI,4,NZ_CP052101.1_T_1,T6SS,T6SS
NZ_CP052101.1|733|WP_011003443.1,IS701,unknown,ISRso17,NZ_CP052101.1|741|WP_011004059.1,tssL,8,NZ_CP052101.1_T_1,T6SS,T6SS
NZ_CP052103.1|1021|WP_016725474.1,ISL3,unknown,ISRso21,NZ_CP052103.1|1013|WP_071508294.1,tssI,8,NZ_CP052103.1_T_1,T6SS,T6SS
NZ_CP052103.1|1158|WP_016725474.1,ISL3,unknown,ISRso21,NZ_CP052103.1|1169|WP_071895800.1,evpJ,11,NZ_CP052103.1_I_5_6,Island,tssI-evpJ island
NZ_CP052103.1|127|WP_016721870.1,IS5,IS5,IS1021,NZ_CP052103.1|131|WP_071895849.1,tssI,4,NZ_CP052103.1_I_1_2,Island,tssI island
NZ_CP052103.1|422|WP_187810765.1,IS5,unknown,ISRso1,NZ_CP052103.1|422|WP_187810765.1,evpJ,0,NZ_CP052103.1_I_5_3,Island,tssI-evpJ island
NZ_CP052103.1|424|WP_019719041.1,IS110,IS1111,ISBcen4,NZ_CP052103.1|426|WP_016725434.1,tssI,2,NZ_CP052103.1_I_5_3,Island,tssI-evpJ island
NZ_CP052103.1|527|WP_016721735.1,IS5,IS5,IS1405,NZ_CP052103.1|513|WP_071895708.1,tssI,14,NZ_CP052103.1_I_1_4,Island,tssI island
NZ_CP052103.1|994|WP_016723619.1,IS5,IS5,IS1405,NZ_CP052103.1|987|WP_011004059.1,tssL,7,NZ_CP052103.1_T_1,T6SS,T6SS
NZ_CP052103.1|999|WP_016723619.1,IS5,IS5,IS1405,NZ_CP052103.1|1001|WP_020830185.1,tssI,2,NZ_CP052103.1_T_1,T6SS,T6SS
NZ_CP052105.1|1018|WP_016725474.1,ISL3,unknown,ISRso21,NZ_CP052105.1|1010|WP_071508294.1,tssI,8,NZ_CP052105.1_T_1,T6SS,T6SS
NZ_CP052105.1|1154|WP_016725474.1,ISL3,unknown,ISRso21,NZ_CP052105.1|1165|WP_071895800.1,evpJ,11,NZ_CP052105.1_I_5_6,Island,tssI-evpJ island
NZ_CP052105.1|127|WP_016721870.1,IS5,IS5,IS1021,NZ_CP052105.1|131|WP_071895849.1,tssI,4,NZ_CP052105.1_I_1_2,Island,tssI island
NZ_CP052105.1|418|WP_187810765.1,IS5,unknown,ISRso1,NZ_CP052105.1|418|WP_187810765.1,evpJ,0,NZ_CP052105.1_I_5_3,Island,tssI-evpJ island
NZ_CP052105.1|420|WP_019719041.1,IS110,IS1111,ISBcen4,NZ_CP052105.1|422|WP_016725434.1,tssI,2,NZ_CP052105.1_I_5_3,Island,tssI-evpJ island
NZ_CP052105.1|524|WP_016721735.1,IS5,IS5,IS1405,NZ_CP052105.1|510|WP_071895708.1,tssI,14,NZ_CP052105.1_I_1_4,Island,tssI island
NZ_CP052105.1|991|WP_016723619.1,IS5,IS5,IS1405,NZ_CP052105.1|984|WP_011004059.1,tssL,7,NZ_CP052105.1_T_1,T6SS,T6SS
NZ_CP052105.1|996|WP_016723619.1,IS5,IS5,IS1405,NZ_CP052105.1|998|WP_020830185.1,tssI,2,NZ_CP052105.1_T_1,T6SS,T6SS
NZ_CP052107.1|1000|WP_016723619.1,IS5,IS5,IS1405,NZ_CP052107.1|1002|WP_020830185.1,tssI,2,NZ_CP052107.1_T_1,T6SS,T6SS
NZ_CP052107.1|1022|WP_016725474.1,ISL3,unknown,ISRso21,NZ_CP052107.1|1014|WP_071508294.1,tssI,8,NZ_CP052107.1_T_1,T6SS,T6SS
NZ_CP052107.1|1159|WP_016725474.1,ISL3,unknown,ISRso21,NZ_CP052107.1|1170|WP_071895800.1,evpJ,11,NZ_CP052107.1_I_5_6,Island,tssI-evpJ island
NZ_CP052107.1|127|WP_016721870.1,IS5,IS5,IS1021,NZ_CP052107.1|131|WP_086706412.1,tssI,4,NZ_CP052107.1_I_1_2,Island,tssI island
NZ_CP052107.1|422|WP_187810765.1,IS5,unknown,ISRso1,NZ_CP052107.1|422|WP_187810765.1,evpJ,0,NZ_CP052107.1_I_5_3,Island,tssI-evpJ island
NZ_CP052107.1|424|WP_019719041.1,IS110,IS1111,ISBcen4,NZ_CP052107.1|426|WP_016725434.1,tssI,2,NZ_CP052107.1_I_5_3,Island,tssI-evpJ island
NZ_CP052107.1|528|WP_016721735.1,IS5,IS5,IS1405,NZ_CP052107.1|514|WP_071895708.1,tssI,14,NZ_CP052107.1_I_1_4,Island,tssI island
NZ_CP052107.1|995|WP_016723619.1,IS5,IS5,IS1405,NZ_CP052107.1|988|WP_011004059.1,tssL,7,NZ_CP052107.1_T_1,T6SS,T6SS
NZ_CP052109.1|1001|WP_016723619.1,IS5,IS5,IS1405,NZ_CP052109.1|1003|WP_020830185.1,tssI,2,NZ_CP052109.1_T_1,T6SS,T6SS
NZ_CP052109.1|1023|WP_016725474.1,ISL3,unknown,ISRso21,NZ_CP052109.1|1015|WP_071508294.1,tssI,8,NZ_CP052109.1_T_1,T6SS,T6SS
NZ_CP052109.1|1160|WP_016725474.1,ISL3,unknown,ISRso21,NZ_CP052109.1|1171|WP_071895800.1,evpJ,11,NZ_CP052109.1_I_5_6,Island,tssI-evpJ island
NZ_CP052109.1|127|WP_016721870.1,IS5,IS5,IS1021,NZ_CP052109.1|131|WP_086706412.1,tssI,4,NZ_CP052109.1_I_1_2,Island,tssI island
NZ_CP052109.1|422|WP_187810765.1,IS5,unknown,ISRso1,NZ_CP052109.1|422|WP_187810765.1,evpJ,0,NZ_CP052109.1_I_5_3,Island,tssI-evpJ island
NZ_CP052109.1|424|WP_019719041.1,IS110,IS1111,ISBcen4,NZ_CP052109.1|426|WP_016725434.1,tssI,2,NZ_CP052109.1_I_5_3,Island,tssI-evpJ island
NZ_CP052109.1|528|WP_016721735.1,IS5,IS5,IS1405,NZ_CP052109.1|514|WP_071895708.1,tssI,14,NZ_CP052109.1_I_1_4,Island,tssI island
NZ_CP052109.1|996|WP_016723619.1,IS5,IS5,IS1405,NZ_CP052109.1|989|WP_011004059.1,tssL,7,NZ_CP052109.1_T_1,T6SS,T6SS
NZ_CP052111.1|1060|WP_019719041.1,IS110,IS1111,ISBcen4,NZ_CP052111.1|1077|WP_118888169.1,tssI,17,NZ_CP052111.1_I_1_3,Island,tssI island
NZ_CP052111.1|1172|WP_069078857.1,IS5,IS903,IS1420,NZ_CP052111.1|1171|WP_165858664.1,tssI,1,NZ_CP052111.1_I_5_4,Island,tssI-evpJ island
NZ_CP052111.1|1492|WP_016723619.1,IS5,IS5,IS1405,NZ_CP052111.1|1473|WP_071653878.1,tssI,19,NZ_CP052111.1_I_1_5,Island,tssI island
NZ_CP052111.1|860|WP_086004752.1,IS5,IS427,IS1421,NZ_CP052111.1|863|WP_165858627.1,tssI,3,NZ_CP052111.1_T_1,T6SS,T6SS
NZ_CP052111.1|985|WP_016723619.1,IS5,IS5,IS1405,NZ_CP052111.1|1004|WP_071508286.1,tssI,19,NZ_CP052111.1_I_1_2,Island,tssI island
NZ_CP052113.1|1058|WP_019719041.1,IS110,IS1111,ISBcen4,NZ_CP052113.1|1075|WP_118888169.1,tssI,17,NZ_CP052113.1_I_1_3,Island,tssI island
NZ_CP052113.1|1170|WP_069078857.1,IS5,IS903,IS1420,NZ_CP052113.1|1169|WP_165858664.1,tssI,1,NZ_CP052113.1_I_5_4,Island,tssI-evpJ island
NZ_CP052113.1|1490|WP_016723619.1,IS5,IS5,IS1405,NZ_CP052113.1|1471|WP_071653878.1,tssI,19,NZ_CP052113.1_I_1_5,Island,tssI island
NZ_CP052113.1|858|WP_086004752.1,IS5,IS427,IS1421,NZ_CP052113.1|861|WP_165858627.1,tssI,3,NZ_CP052113.1_T_1,T6SS,T6SS
NZ_CP052113.1|983|WP_016723619.1,IS5,IS5,IS1405,NZ_CP052113.1|1002|WP_071508286.1,tssI,19,NZ_CP052113.1_I_1_2,Island,tssI island
NZ_CP052115.1|1000|WP_016723619.1,IS5,IS5,IS1405,NZ_CP052115.1|1002|WP_020830185.1,tssI,2,NZ_CP052115.1_T_1,T6SS,T6SS
NZ_CP052115.1|1022|WP_016725474.1,ISL3,unknown,ISRso21,NZ_CP052115.1|1014|WP_071508294.1,tssI,8,NZ_CP052115.1_T_1,T6SS,T6SS
NZ_CP052115.1|1159|WP_016725474.1,ISL3,unknown,ISRso21,NZ_CP052115.1|1170|WP_071895800.1,evpJ,11,NZ_CP052115.1_I_5_6,Island,tssI-evpJ island
NZ_CP052115.1|127|WP_016721870.1,IS5,IS5,IS1021,NZ_CP052115.1|131|WP_086706412.1,tssI,4,NZ_CP052115.1_I_1_2,Island,tssI island
NZ_CP052115.1|422|WP_187810765.1,IS5,unknown,ISRso1,NZ_CP052115.1|422|WP_187810765.1,evpJ,0,NZ_CP052115.1_I_5_3,Island,tssI-evpJ island
NZ_CP052115.1|424|WP_019719041.1,IS110,IS1111,ISBcen4,NZ_CP052115.1|426|WP_016725434.1,tssI,2,NZ_CP052115.1_I_5_3,Island,tssI-evpJ island
NZ_CP052115.1|528|WP_016721735.1,IS5,IS5,IS1405,NZ_CP052115.1|514|WP_071895708.1,tssI,14,NZ_CP052115.1_I_1_4,Island,tssI island
NZ_CP052115.1|995|WP_016723619.1,IS5,IS5,IS1405,NZ_CP052115.1|988|WP_011004059.1,tssL,7,NZ_CP052115.1_T_1,T6SS,T6SS
NZ_CP052117.1|1000|WP_016723619.1,IS5,IS5,IS1405,NZ_CP052117.1|1002|WP_020830185.1,tssI,2,NZ_CP052117.1_T_1,T6SS,T6SS
NZ_CP052117.1|1022|WP_016725474.1,ISL3,unknown,ISRso21,NZ_CP052117.1|1014|WP_071508294.1,tssI,8,NZ_CP052117.1_T_1,T6SS,T6SS
NZ_CP052117.1|1159|WP_016725474.1,ISL3,unknown,ISRso21,NZ_CP052117.1|1170|WP_071895800.1,evpJ,11,NZ_CP052117.1_I_5_6,Island,tssI-evpJ island
NZ_CP052117.1|127|WP_016721870.1,IS5,IS5,IS1021,NZ_CP052117.1|131|WP_086706412.1,tssI,4,NZ_CP052117.1_I_1_2,Island,tssI island
NZ_CP052117.1|422|WP_187810765.1,IS5,unknown,ISRso1,NZ_CP052117.1|422|WP_187810765.1,evpJ,0,NZ_CP052117.1_I_5_3,Island,tssI-evpJ island
NZ_CP052117.1|424|WP_019719041.1,IS110,IS1111,ISBcen4,NZ_CP052117.1|426|WP_016725434.1,tssI,2,NZ_CP052117.1_I_5_3,Island,tssI-evpJ island
NZ_CP052117.1|528|WP_016721735.1,IS5,IS5,IS1405,NZ_CP052117.1|514|WP_071895708.1,tssI,14,NZ_CP052117.1_I_1_4,Island,tssI island
NZ_CP052117.1|995|WP_016723619.1,IS5,IS5,IS1405,NZ_CP052117.1|988|WP_011004059.1,tssL,7,NZ_CP052117.1_T_1,T6SS,T6SS
NZ_CP052119.1|1021|WP_016725474.1,ISL3,unknown,ISRso21,NZ_CP052119.1|1013|WP_071508294.1,tssI,8,NZ_CP052119.1_T_1,T6SS,T6SS
NZ_CP052119.1|1158|WP_016725474.1,ISL3,unknown,ISRso21,NZ_CP052119.1|1169|WP_071895800.1,evpJ,11,NZ_CP052119.1_I_5_6,Island,tssI-evpJ island
NZ_CP052119.1|127|WP_016721870.1,IS5,IS5,IS1021,NZ_CP052119.1|131|WP_071895849.1,tssI,4,NZ_CP052119.1_I_1_2,Island,tssI island
NZ_CP052119.1|422|WP_187810765.1,IS5,unknown,ISRso1,NZ_CP052119.1|422|WP_187810765.1,evpJ,0,NZ_CP052119.1_I_5_3,Island,tssI-evpJ island
NZ_CP052119.1|424|WP_019719041.1,IS110,IS1111,ISBcen4,NZ_CP052119.1|426|WP_016725434.1,tssI,2,NZ_CP052119.1_I_5_3,Island,tssI-evpJ island
NZ_CP052119.1|528|WP_016721735.1,IS5,IS5,IS1405,NZ_CP052119.1|514|WP_071895708.1,tssI,14,NZ_CP052119.1_I_1_4,Island,tssI island
NZ_CP052119.1|994|WP_016723619.1,IS5,IS5,IS1405,NZ_CP052119.1|987|WP_011004059.1,tssL,7,NZ_CP052119.1_T_1,T6SS,T6SS
NZ_CP052119.1|999|WP_016723619.1,IS5,IS5,IS1405,NZ_CP052119.1|1001|WP_020830185.1,tssI,2,NZ_CP052119.1_T_1,T6SS,T6SS
NZ_CP052121.1|1021|WP_016725474.1,ISL3,unknown,ISRso21,NZ_CP052121.1|1013|WP_071508294.1,tssI,8,NZ_CP052121.1_T_1,T6SS,T6SS
NZ_CP052121.1|1158|WP_016725474.1,ISL3,unknown,ISRso21,NZ_CP052121.1|1169|WP_071895800.1,evpJ,11,NZ_CP052121.1_I_5_6,Island,tssI-evpJ island
NZ_CP052121.1|127|WP_016721870.1,IS5,IS5,IS1021,NZ_CP052121.1|131|WP_071895849.1,tssI,4,NZ_CP052121.1_I_1_2,Island,tssI island
NZ_CP052121.1|422|WP_187810765.1,IS5,unknown,ISRso1,NZ_CP052121.1|422|WP_187810765.1,evpJ,0,NZ_CP052121.1_I_5_3,Island,tssI-evpJ island
NZ_CP052121.1|424|WP_019719041.1,IS110,IS1111,ISBcen4,NZ_CP052121.1|426|WP_016725434.1,tssI,2,NZ_CP052121.1_I_5_3,Island,tssI-evpJ island
NZ_CP052121.1|527|WP_016721735.1,IS5,IS5,IS1405,NZ_CP052121.1|513|WP_071895708.1,tssI,14,NZ_CP052121.1_I_1_4,Island,tssI island
NZ_CP052121.1|994|WP_016723619.1,IS5,IS5,IS1405,NZ_CP052121.1|987|WP_011004059.1,tssL,7,NZ_CP052121.1_T_1,T6SS,T6SS
NZ_CP052121.1|999|WP_016723619.1,IS5,IS5,IS1405,NZ_CP052121.1|1001|WP_020830185.1,tssI,2,NZ_CP052121.1_T_1,T6SS,T6SS
NZ_CP052123.1|1226|WP_016721735.1,IS5,IS5,IS1405,NZ_CP052123.1|1223|WP_043898138.1,tssI,3,NZ_CP052123.1_I_5_5,Island,tssI-evpJ island
NZ_CP052123.1|410|WP_019719041.1,IS110,IS1111,ISBcen4,NZ_CP052123.1|412|WP_173940845.1,tssI,2,NZ_CP052123.1_I_5_2,Island,tssI-evpJ island
NZ_CP052123.1|631|WP_020830182.1,IS5,unknown,ISRso1,NZ_CP052123.1|629|WP_020830185.1,tssI,2,NZ_CP052123.1_T_1,T6SS,T6SS
NZ_CP052123.1|633|WP_173940856.1,IS5,IS427,IS1421,NZ_CP052123.1|638|WP_011004059.1,tssL,5,NZ_CP052123.1_T_1,T6SS,T6SS
NZ_CP052125.1|1226|WP_016721735.1,IS5,IS5,IS1405,NZ_CP052125.1|1223|WP_043898138.1,tssI,3,NZ_CP052125.1_I_5_5,Island,tssI-evpJ island
NZ_CP052125.1|410|WP_019719041.1,IS110,IS1111,ISBcen4,NZ_CP052125.1|412|WP_173940845.1,tssI,2,NZ_CP052125.1_I_5_2,Island,tssI-evpJ island
NZ_CP052125.1|631|WP_020830182.1,IS5,unknown,ISRso1,NZ_CP052125.1|629|WP_020830185.1,tssI,2,NZ_CP052125.1_T_1,T6SS,T6SS
NZ_CP052125.1|633|WP_173940856.1,IS5,IS427,IS1421,NZ_CP052125.1|638|WP_011004059.1,tssL,5,NZ_CP052125.1_T_1,T6SS,T6SS
NZ_CP052127.1|28|WP_086005422.1,IS3,IS51,ISAisp2,NZ_CP052127.1|29|WP_089190946.1,evpJ,1,NZ_CP052127.1_I_5_1,Island,tssI-evpJ island
NZ_CP052127.1|452|WP_011003443.1,IS701,unknown,ISRso17,NZ_CP052127.1|454|WP_019719251.1,evpJ,2,NZ_CP052127.1_I_5_3,Island,tssI-evpJ island
NZ_CP052127.1|565|WP_162915984.1,IS3,IS2,ISButh1,NZ_CP052127.1|552|WP_173941694.1,tssI,13,NZ_CP052127.1_I_1_4,Island,tssI island
NZ_CP052127.1|702|WP_071653888.1,IS5,unknown,ISRso1,NZ_CP052127.1|698|WP_071623901.1,tssI,4,NZ_CP052127.1_T_1,T6SS,T6SS
NZ_CP052127.1|703|WP_173941706.1,IS701,unknown,ISRso17,NZ_CP052127.1|711|WP_011004059.1,tssL,8,NZ_CP052127.1_T_1,T6SS,T6SS
NZ_CP052129.1|411|WP_086004752.1,IS5,IS427,IS1421,NZ_CP052129.1|423|WP_011003818.1,evpJ,12,NZ_CP052129.1_I_5_2,Island,tssI-evpJ island
NZ_CP052129.1|533|WP_103025940.1,IS3,IS2,ISRso10,NZ_CP052129.1|518|WP_071895708.1,tssI,15,NZ_CP052129.1_I_1_3,Island,tssI island
NZ_CP052129.1|932|WP_011003443.1,IS701,unknown,ISRso17,NZ_CP052129.1|924|WP_011004059.1,tssL,8,NZ_CP052129.1_T_1,T6SS,T6SS
NZ_CP052129.1|933|WP_071653888.1,IS5,unknown,ISRso1,NZ_CP052129.1|937|WP_071623901.1,tssI,4,NZ_CP052129.1_T_1,T6SS,T6SS
NZ_CP052131.1|28|WP_086005422.1,IS3,IS51,ISAisp2,NZ_CP052131.1|29|WP_089190946.1,evpJ,1,NZ_CP052131.1_I_5_1,Island,tssI-evpJ island
NZ_CP052131.1|452|WP_011003443.1,IS701,unknown,ISRso17,NZ_CP052131.1|454|WP_019719251.1,evpJ,2,NZ_CP052131.1_I_5_3,Island,tssI-evpJ island
NZ_CP052131.1|565|WP_162915984.1,IS3,IS2,ISButh1,NZ_CP052131.1|552|WP_173941694.1,tssI,13,NZ_CP052131.1_I_1_4,Island,tssI island
NZ_CP052131.1|702|WP_071653888.1,IS5,unknown,ISRso1,NZ_CP052131.1|698|WP_071623901.1,tssI,4,NZ_CP052131.1_T_1,T6SS,T6SS
NZ_CP052131.1|703|WP_173941706.1,IS701,unknown,ISRso17,NZ_CP052131.1|711|WP_011004059.1,tssL,8,NZ_CP052131.1_T_1,T6SS,T6SS
NZ_CP052134.1|81|WP_171466707.1,IS5,IS427,ISCji1,NZ_CP052134.1|73|WP_039203083.1,tssI,8,NZ_CP052134.1_I_5_1,Island,tssI-evpJ island
NZ_CP052865.1|39|WP_088499524.1,IS5,IS427,ISBugl2,NZ_CP052865.1|31|WP_012735336.1,evpJ,8,NZ_CP052865.1_I_5_1,Island,tssI-evpJ island
NZ_CP053043.1|44|WP_001067855.1,IS6,unknown,IS26,NZ_CP053043.1|27|WP_159242433.1,tssD,17,NZ_CP053043.1_I_0_1,Island,tssD island
NZ_CP053895.1|53|WP_001067855.1,IS6,unknown,IS26,NZ_CP053895.1|37|WP_159242433.1,tssD,16,NZ_CP053895.1_I_0_1,Island,tssD island
NZ_CP053897.1|25|WP_001067855.1,IS6,unknown,IS26,NZ_CP053897.1|8|WP_159242433.1,tssD,17,NZ_CP053897.1_I_0_1,Island,tssD island
NZ_CP053899.1|30|WP_001067855.1,IS6,unknown,IS26,NZ_CP053899.1|47|WP_159242433.1,tssD,17,NZ_CP053899.1_I_0_1,Island,tssD island
NZ_CP054057.1|43|WP_125355789.1,IS3,IS3,ISKpn37,NZ_CP054057.1|48|WP_125353748.1,tssB,5,NZ_CP054057.1_T_1,T6SS,T6SS
NZ_CP054057.1|84|WP_125355697.1,IS630,unknown,ISEc33,NZ_CP054057.1|72|WP_125354383.1,tssA,12,NZ_CP054057.1_T_1,T6SS,T6SS
NZ_CP055271.1|109|WP_174113432.1,IS481,unknown,ISRel12,NZ_CP055271.1|126|WP_071205428.1,tssI,17,NZ_CP055271.1_I_1_1,Island,tssI island
NZ_CP055905.1|37|WP_155960918.1,IS3,IS407,ISEch12,NZ_CP055905.1|18|WP_182015576.1,tssA,19,NZ_CP055905.1_T_1,T6SS,T6SS
NZ_CP055905.1|403|WP_182015542.1,IS3,IS150,ISPlge3,NZ_CP055905.1|417|WP_182015555.1,tssB,14,NZ_CP055905.1_T_1,T6SS,T6SS
NZ_CP056084.1|1020|WP_016721870.1,IS5,IS5,IS1021,NZ_CP056084.1|1025|WP_071508451.1,evpJ,5,NZ_CP056084.1_I_5_4,Island,tssI-evpJ island
NZ_CP056084.1|1431|WP_016721735.1,IS5,IS5,IS1405,NZ_CP056084.1|1432|WP_021155862.1,tssI,1,NZ_CP056084.1_I_1_5,Island,tssI island
NZ_CP056084.1|408|WP_019719041.1,IS110,IS1111,ISBcen4,NZ_CP056084.1|406|WP_016727648.1,evpJ,2,NZ_CP056084.1_I_5_2,Island,tssI-evpJ island
NZ_CP056084.1|617|WP_020830182.1,IS5,unknown,ISRso1,NZ_CP056084.1|615|WP_020830185.1,tssI,2,NZ_CP056084.1_T_1,T6SS,T6SS
NZ_CP056084.1|622|WP_016721870.1,IS5,IS5,IS1021,NZ_CP056084.1|627|WP_011004059.1,tssL,5,NZ_CP056084.1_T_1,T6SS,T6SS
NZ_CP056084.1|638|WP_016723619.1,IS5,IS5,IS1405,NZ_CP056084.1|634|WP_086706454.1,tssI,4,NZ_CP056084.1_T_1,T6SS,T6SS
NZ_CP056086.1|1002|WP_016721735.1,IS5,IS5,IS1405,NZ_CP056086.1|1001|WP_021155862.1,tssI,1,NZ_CP056086.1_I_1_4,Island,tssI island
NZ_CP056086.1|1409|WP_016721870.1,IS5,IS5,IS1021,NZ_CP056086.1|1404|WP_071508451.1,evpJ,5,NZ_CP056086.1_I_5_5,Island,tssI-evpJ island
NZ_CP056086.1|284|WP_016723619.1,IS5,IS5,IS1405,NZ_CP056086.1|288|WP_086706454.1,tssI,4,NZ_CP056086.1_T_1,T6SS,T6SS
NZ_CP056086.1|300|WP_016721870.1,IS5,IS5,IS1021,NZ_CP056086.1|295|WP_011004059.1,tssL,5,NZ_CP056086.1_T_1,T6SS,T6SS
NZ_CP056086.1|305|WP_020830182.1,IS5,unknown,ISRso1,NZ_CP056086.1|307|WP_176599541.1,tssI,2,NZ_CP056086.1_T_1,T6SS,T6SS
NZ_CP056086.1|513|WP_019719041.1,IS110,IS1111,ISBcen4,NZ_CP056086.1|511|WP_016725434.1,tssI,2,NZ_CP056086.1_I_5_2,Island,tssI-evpJ island
NZ_CP059377.1|1082|WP_181563497.1,IS5,IS427,IS1421,NZ_CP059377.1|1079|WP_165858627.1,tssI,3,NZ_CP059377.1_T_1,T6SS,T6SS
NZ_CP059377.1|457|WP_016723619.1,IS5,IS5,IS1405,NZ_CP059377.1|476|WP_071653878.1,tssI,19,NZ_CP059377.1_I_1_1,Island,tssI island
NZ_CP059377.1|774|WP_069078857.1,IS5,IS903,IS1420,NZ_CP059377.1|775|WP_165858664.1,tssI,1,NZ_CP059377.1_I_5_2,Island,tssI-evpJ island
NZ_CP059377.1|884|WP_019719041.1,IS110,IS1111,ISBcen4,NZ_CP059377.1|867|WP_118888169.1,tssI,17,NZ_CP059377.1_I_1_3,Island,tssI island
NZ_CP059377.1|958|WP_016723619.1,IS5,IS5,IS1405,NZ_CP059377.1|939|WP_071508286.1,tssI,19,NZ_CP059377.1_I_1_4,Island,tssI island
NZ_CP059490.1|1181|WP_016723619.1,IS5,IS5,IS1405,NZ_CP059490.1|1185|WP_086706454.1,tssI,4,NZ_CP059490.1_T_1,T6SS,T6SS
NZ_CP059490.1|1197|WP_016721870.1,IS5,IS5,IS1021,NZ_CP059490.1|1192|WP_011004059.1,tssL,5,NZ_CP059490.1_T_1,T6SS,T6SS
NZ_CP059490.1|1202|WP_020830182.1,IS5,unknown,ISRso1,NZ_CP059490.1|1204|WP_020830185.1,tssI,2,NZ_CP059490.1_T_1,T6SS,T6SS
NZ_CP059490.1|1411|WP_019719041.1,IS110,IS1111,ISBcen4,NZ_CP059490.1|1409|WP_016725434.1,tssI,2,NZ_CP059490.1_I_5_5,Island,tssI-evpJ island
NZ_CP059490.1|352|WP_016721735.1,IS5,IS5,IS1405,NZ_CP059490.1|351|WP_021155862.1,tssI,1,NZ_CP059490.1_I_1_2,Island,tssI island
NZ_CP059490.1|761|WP_016721870.1,IS5,IS5,IS1021,NZ_CP059490.1|756|WP_071508451.1,evpJ,5,NZ_CP059490.1_I_5_3,Island,tssI-evpJ island
NZ_CP060702.1|1365|WP_187810765.1,IS5,unknown,ISRso1,NZ_CP060702.1|1365|WP_187810765.1,evpJ,0,NZ_CP060702.1_I_5_4,Island,tssI-evpJ island
NZ_CP060702.1|1367|WP_019719041.1,IS110,IS1111,ISBcen4,NZ_CP060702.1|1369|WP_016725434.1,tssI,2,NZ_CP060702.1_I_5_4,Island,tssI-evpJ island
NZ_CP060702.1|1470|WP_016721735.1,IS5,IS5,IS1405,NZ_CP060702.1|1456|WP_071895708.1,tssI,14,NZ_CP060702.1_I_1_5,Island,tssI island
NZ_CP060702.1|400|WP_016723619.1,IS5,IS5,IS1405,NZ_CP060702.1|393|WP_011004059.1,tssL,7,NZ_CP060702.1_T_1,T6SS,T6SS
NZ_CP060702.1|404|WP_016723619.1,IS5,IS5,IS1405,NZ_CP060702.1|406|WP_020830185.1,tssI,2,NZ_CP060702.1_T_1,T6SS,T6SS
NZ_CP060702.1|426|WP_016721735.1,IS5,IS5,IS1405,NZ_CP060702.1|418|WP_071508294.1,tssI,8,NZ_CP060702.1_T_1,T6SS,T6SS
NZ_CP060702.1|556|WP_086005422.1,IS3,IS51,ISAisp2,NZ_CP060702.1|571|WP_071895800.1,evpJ,15,NZ_CP060702.1_I_5_2,Island,tssI-evpJ island
NZ_CP060727.1|25|WP_001067855.1,IS6,unknown,IS26,NZ_CP060727.1|8|WP_159242433.1,tssD,17,NZ_CP060727.1_I_0_1,Island,tssD island
NZ_CP062820.1|27|WP_029488891.1,IS4,unknown,ISCro3,NZ_CP062820.1|28|WP_029488813.1,tssB,1,NZ_CP062820.1_T_1,T6SS,T6SS
NZ_CP062820.1|38|WP_195686666.1,IS30,unknown,IS30D,NZ_CP062820.1|40|WP_050593757.1,tssK,2,NZ_CP062820.1_T_1,T6SS,T6SS
NZ_CP062820.1|46|WP_112046989.1,IS3,IS3,ISEc17,NZ_CP062820.1|43|WP_029488790.1,tssH,3,NZ_CP062820.1_T_1,T6SS,T6SS
NZ_CP062831.1|27|WP_029488891.1,IS4,unknown,ISCro3,NZ_CP062831.1|28|WP_029488813.1,tssB,1,NZ_CP062831.1_T_1,T6SS,T6SS
NZ_CP062831.1|38|WP_195686666.1,IS30,unknown,IS30D,NZ_CP062831.1|40|WP_050593757.1,tssK,2,NZ_CP062831.1_T_1,T6SS,T6SS
NZ_CP062831.1|46|WP_112046989.1,IS3,IS3,ISEc17,NZ_CP062831.1|43|WP_029488790.1,tssH,3,NZ_CP062831.1_T_1,T6SS,T6SS
NZ_CP062837.1|24|WP_029488891.1,IS4,unknown,ISCro3,NZ_CP062837.1|25|WP_029488813.1,tssB,1,NZ_CP062837.1_T_1,T6SS,T6SS
NZ_CP062837.1|35|WP_195686650.1,IS30,unknown,IS30D,NZ_CP062837.1|37|WP_050593757.1,tssK,2,NZ_CP062837.1_T_1,T6SS,T6SS
NZ_CP062837.1|43|WP_112046989.1,IS3,IS3,ISEc17,NZ_CP062837.1|40|WP_029488790.1,tssH,3,NZ_CP062837.1_T_1,T6SS,T6SS
NZ_CP062843.1|27|WP_029488891.1,IS4,unknown,ISCro3,NZ_CP062843.1|28|WP_029488813.1,tssB,1,NZ_CP062843.1_T_1,T6SS,T6SS
NZ_CP062843.1|38|WP_195686666.1,IS30,unknown,IS30D,NZ_CP062843.1|40|WP_050593757.1,tssK,2,NZ_CP062843.1_T_1,T6SS,T6SS
NZ_CP062843.1|46|WP_112046989.1,IS3,IS3,ISEc17,NZ_CP062843.1|43|WP_029488790.1,tssH,3,NZ_CP062843.1_T_1,T6SS,T6SS
NZ_CP062879.1|35|WP_195686740.1,IS110,IS1111,IS4321L,NZ_CP062879.1|24|WP_000109201.1,tssH,11,NZ_CP062879.1_T_1,T6SS,T6SS
NZ_CP062888.1|27|WP_029488891.1,IS4,unknown,ISCro3,NZ_CP062888.1|28|WP_029488813.1,tssB,1,NZ_CP062888.1_T_1,T6SS,T6SS
NZ_CP062888.1|38|WP_195686666.1,IS30,unknown,IS30D,NZ_CP062888.1|40|WP_050593757.1,tssK,2,NZ_CP062888.1_T_1,T6SS,T6SS
NZ_CP062888.1|46|WP_112046989.1,IS3,IS3,ISEc17,NZ_CP062888.1|43|WP_029488790.1,tssH,3,NZ_CP062888.1_T_1,T6SS,T6SS
NZ_CP062900.1|27|WP_029488891.1,IS4,unknown,ISCro3,NZ_CP062900.1|28|WP_029488813.1,tssB,1,NZ_CP062900.1_T_1,T6SS,T6SS
NZ_CP062900.1|38|WP_195686666.1,IS30,unknown,IS30D,NZ_CP062900.1|40|WP_050593757.1,tssK,2,NZ_CP062900.1_T_1,T6SS,T6SS
NZ_CP062900.1|46|WP_112046989.1,IS3,IS3,ISEc17,NZ_CP062900.1|43|WP_029488790.1,tssH,3,NZ_CP062900.1_T_1,T6SS,T6SS
NZ_CP064932.1|249|WP_064820024.1,ISNCY,IS1202,ISRel10,NZ_CP064932.1|239|WP_012489525.1,tssM,10,NZ_CP064932.1_T_1,T6SS,T6SS
NZ_CP065025.1|188|WP_213051187.1,IS3,IS407,ISYps8,NZ_CP065025.1|192|WP_213052879.1,tssM,4,NZ_CP065025.1_T_1,T6SS,T6SS
NZ_CP065532.1|1299|WP_127591846.1,IS5,IS427,IS1421,NZ_CP065532.1|1309|WP_111375064.1,tssI,10,NZ_CP065532.1_I_1_5,Island,tssI island
NZ_CP065532.1|1|WP_016721870.1,IS5,IS5,IS1021,NZ_CP065532.1|1555|WP_071014975.1,evpJ,1,NZ_CP065532.1_I_5_1,Island,tssI-evpJ island
NZ_CP065532.1|287|WP_016721870.1,IS5,IS5,IS1021,NZ_CP065532.1|277|WP_071014198.1,tssI,10,NZ_CP065532.1_I_5_2,Island,tssI-evpJ island
NZ_CP065532.1|2|WP_016721870.1,IS5,IS5,IS1021,NZ_CP065532.1|16|WP_071014975.1,evpJ,14,NZ_CP065532.1_I_5_1,Island,tssI-evpJ island
NZ_CP065532.1|489|WP_096761515.1,IS5,IS427,IS1421,NZ_CP065532.1|485|WP_071011982.1,tssI,4,NZ_CP065532.1_T_1,T6SS,T6SS
NZ_CP065597.1|115|WP_227743836.1,IS3,IS407,ISKpn20,NZ_CP065597.1|96|WP_042284310.1,evpJ,19,NZ_CP065597.1_I_5_1,Island,tssI-evpJ island
NZ_CP065597.1|247|WP_102889801.1,IS5,IS427,IS402,NZ_CP065597.1|264|WP_211145310.1,tssI,17,NZ_CP065597.1_I_5_2,Island,tssI-evpJ island
NZ_CP066807.1|104|WP_001067855.1,IS6,unknown,IS26,NZ_CP066807.1|115|WP_032186534.1,tssB,11,NZ_CP066807.1_T_1,T6SS,T6SS
NZ_CP069246.1|1260|WP_016721870.1,IS5,IS5,IS1021,NZ_CP069246.1|1250|WP_071014198.1,tssI,10,NZ_CP069246.1_I_5_5,Island,tssI-evpJ island
NZ_CP069246.1|1460|WP_096761515.1,IS5,IS427,IS1421,NZ_CP069246.1|1456|WP_071011982.1,tssI,4,NZ_CP069246.1_T_1,T6SS,T6SS
NZ_CP069246.1|736|WP_127591846.1,IS5,IS427,IS1421,NZ_CP069246.1|746|WP_111375064.1,tssI,10,NZ_CP069246.1_I_1_2,Island,tssI island
NZ_CP069246.1|978|WP_016721870.1,IS5,IS5,IS1021,NZ_CP069246.1|992|WP_071014975.1,evpJ,14,NZ_CP069246.1_I_5_4,Island,tssI-evpJ island
NZ_CP069544.1|49|WP_175091134.1,IS21,unknown,IS100kyp,NZ_CP069544.1|51|WP_087896585.1,tssB,2,NZ_CP069544.1_T_1,T6SS,T6SS
NZ_CP069544.1|69|WP_182913529.1,IS3,IS3,ISSd1,NZ_CP069544.1|65|WP_087896594.1,tssH,4,NZ_CP069544.1_T_1,T6SS,T6SS
NZ_CP071610.1|114|WP_168301601.1,IS3,IS407,ISPbe1,NZ_CP071610.1|117|WP_246763177.1,tssG,3,NZ_CP071610.1_T_1,T6SS,T6SS
NZ_CP071610.1|129|WP_168302442.1,IS30,unknown,ISRle2,NZ_CP071610.1|126|WP_168301616.1,tssM,3,NZ_CP071610.1_T_1,T6SS,T6SS
NZ_CP071915.1|22|WP_096761515.1,IS5,IS427,IS1421,NZ_CP071915.1|18|WP_071011982.1,tssI,4,NZ_CP071915.1_T_1,T6SS,T6SS
NZ_CP071915.1|24|WP_086004752.1,IS5,IS427,IS1421,NZ_CP071915.1|30|WP_011004059.1,tssL,6,NZ_CP071915.1_T_1,T6SS,T6SS
NZ_CP071915.1|38|WP_016723619.1,IS5,IS5,IS1405,NZ_CP071915.1|37|WP_214372818.1,tssI,1,NZ_CP071915.1_T_1,T6SS,T6SS
NZ_CP071915.1|857|WP_016721870.1,IS5,IS5,IS1021,NZ_CP071915.1|856|WP_111375064.1,tssI,1,NZ_CP071915.1_I_1_2,Island,tssI island
NZ_CP072170.1|289|WP_136954438.1,IS66,unknown,ISAtu6,NZ_CP072170.1|297|WP_084631810.1,tssI,8,NZ_CP072170.1_I_1_1,Island,tssI island
NZ_CP072743.1|3|WP_218520463.1,IS3,IS3,ISEal1,NZ_CP072743.1|146|WP_218520457.1,tssI,7,NZ_CP072743.1_I_5_1,Island,tssI-evpJ island
NZ_CP072987.1|1|WP_000427619.1,IS110,IS1111,IS5075,NZ_CP072987.1|104|WP_048821772.1,tssD,3,NZ_CP072987.1_I_0_1,Island,tssD island
NZ_CP073663.1|72|WP_046543550.1,IS256,unknown,IS931,NZ_CP073663.1|89|WP_052760137.1,evpJ,17,NZ_CP073663.1_I_5_1,Island,tssI-evpJ island
NZ_CP074160.1|16|WP_223582616.1,IS1,unknown,IS1N,NZ_CP074160.1|23|WP_223582636.1,tssB,7,NZ_CP074160.1_T_1,T6SS,T6SS
NZ_CP074160.1|53|WP_223582689.1,IS66,unknown,ISCro1,NZ_CP074160.1|44|WP_223582685.1,tssA,9,NZ_CP074160.1_T_1,T6SS,T6SS
NZ_CP074171.1|40|WP_223540673.1,IS1,unknown,IS1N,NZ_CP074171.1|48|WP_123061176.1,tssB,8,NZ_CP074171.1_T_1,T6SS,T6SS
NZ_CP074171.1|71|WP_223540652.1,IS21,unknown,ISSen8,NZ_CP074171.1|69|WP_223540693.1,tssA,2,NZ_CP074171.1_T_1,T6SS,T6SS
NZ_CP074172.1|30|WP_223540765.1,IS3,IS2,ISEc36,NZ_CP074172.1|38|WP_223540655.1,tssG,8,NZ_CP074172.1_I_5_1,Island,tssI-evpJ island
NZ_CP074172.1|80|WP_223539455.1,IS110,IS1111,ISSso1,NZ_CP074172.1|61|WP_223540731.1,tssL,19,NZ_CP074172.1_I_5_1,Island,tssI-evpJ island
NZ_CP074178.1|50|WP_223605345.1,IS66,unknown,ISCro1,NZ_CP074178.1|46|WP_223605343.1,tssG,4,NZ_CP074178.1_I_5_1,Island,tssI-evpJ island
NZ_CP074179.1|129|WP_223540652.1,IS21,unknown,ISSen8,NZ_CP074179.1|136|WP_223582636.1,tssB,7,NZ_CP074179.1_T_2,T6SS,T6SS
NZ_CP074179.1|167|WP_223582561.1,IS3,IS51,ISEc25,NZ_CP074179.1|158|WP_223605374.1,tssA,9,NZ_CP074179.1_T_2,T6SS,T6SS
NZ_CP074179.1|17|WP_223605394.1,IS66,unknown,ISCro1,NZ_CP074179.1|26|WP_223582685.1,tssA,9,NZ_CP074179.1_T_1,T6SS,T6SS
NZ_CP074179.1|54|WP_223605395.1,IS1,unknown,IS1N,NZ_CP074179.1|47|WP_223582636.1,tssB,7,NZ_CP074179.1_T_1,T6SS,T6SS
NZ_CP076116.1|104|WP_103025940.1,IS3,IS2,ISRso10,NZ_CP076116.1|119|WP_071895708.1,tssI,15,NZ_CP076116.1_I_1_2,Island,tssI island
NZ_CP076116.1|1427|WP_016721870.1,IS5,IS5,IS1021,NZ_CP076116.1|1437|WP_011003818.1,evpJ,10,NZ_CP076116.1_I_5_6,Island,tssI-evpJ island
NZ_CP076116.1|234|WP_016721870.1,IS5,IS5,IS1021,NZ_CP076116.1|236|WP_058908676.1,tssI,2,NZ_CP076116.1_T_1,T6SS,T6SS
NZ_CP076116.1|251|WP_071653888.1,IS5,unknown,ISRso1,NZ_CP076116.1|247|WP_071623901.1,tssI,4,NZ_CP076116.1_T_1,T6SS,T6SS
NZ_CP076116.1|44|WP_071653928.1,IS5,unknown,ISRso1,NZ_CP076116.1|48|WP_071508021.1,tssI,4,NZ_CP076116.1_I_1_1,Island,tssI island
NZ_CP076122.1|127|WP_071653888.1,IS5,unknown,ISRso1,NZ_CP076122.1|123|WP_058908680.1,tssI,4,NZ_CP076122.1_T_1,T6SS,T6SS
NZ_CP076122.1|128|WP_011003443.1,IS701,unknown,ISRso17,NZ_CP076122.1|136|WP_011004059.1,tssL,8,NZ_CP076122.1_T_1,T6SS,T6SS
NZ_CP076122.1|1538|WP_103025940.1,IS3,IS2,ISRso10,NZ_CP076122.1|1524|WP_089190386.1,tssI,14,NZ_CP076122.1_I_1_4,Island,tssI island
NZ_CP076122.1|1595|WP_016723619.1,IS5,IS5,IS1405,NZ_CP076122.1|1596|WP_071508021.1,tssI,1,NZ_CP076122.1_I_1_5,Island,tssI island
NZ_CP077647.1|48|WP_217609481.1,IS21,unknown,ISSso4,NZ_CP077647.1|50|WP_136762715.1,tssB,2,NZ_CP077647.1_T_1,T6SS,T6SS
NZ_CP077647.1|62|WP_194874856.1,IS30,unknown,IS30D,NZ_CP077647.1|63|WP_194874786.1,tssL,1,NZ_CP077647.1_T_1,T6SS,T6SS
NZ_CP077650.1|48|WP_217609481.1,IS21,unknown,ISSso4,NZ_CP077650.1|50|WP_136762715.1,tssB,2,NZ_CP077650.1_T_1,T6SS,T6SS
NZ_CP077650.1|62|WP_194874856.1,IS30,unknown,IS30D,NZ_CP077650.1|63|WP_194874786.1,tssL,1,NZ_CP077650.1_T_1,T6SS,T6SS
NZ_CP081842.1|107|WP_174113432.1,IS481,unknown,ISRel12,NZ_CP081842.1|124|WP_071205428.1,tssI,17,NZ_CP081842.1_I_1_1,Island,tssI island
NZ_CP082348.1|94|WP_245001445.1,IS3,IS407,ISEhe4,NZ_CP082348.1|87|WP_222952538.1,tssM,7,NZ_CP082348.1_T_1,T6SS,T6SS
NZ_CP082875.1|38|WP_002819562.1,IS1595,ISPna2,ISCaje5,NZ_CP082875.1|19|WP_223417022.1,tssI,19,NZ_CP082875.1_T_1,T6SS,T6SS
NZ_CP085998.1|71|WP_124259769.1,IS5,IS5,IS1021,NZ_CP085998.1|57|WP_176316938.1,tssI,14,NZ_CP085998.1_I_1_1,Island,tssI island
NZ_CP087279.1|71|WP_127592033.1,IS21,unknown,ISRme9,NZ_CP087279.1|53|WP_167861447.1,tssI,18,NZ_CP087279.1_I_1_1,Island,tssI island
NZ_CP088234.1|1302|WP_003261205.1,IS5,IS5,IS1021,NZ_CP088234.1|1307|WP_039556098.1,tssI,5,NZ_CP088234.1_T_1,T6SS,T6SS
NZ_CP088234.1|1321|WP_003261205.1,IS5,IS5,IS1021,NZ_CP088234.1|1319|WP_003266186.1,tssI,2,NZ_CP088234.1_T_1,T6SS,T6SS
NZ_CP088234.1|1510|WP_086005291.1,IS5,IS427,IS1421,NZ_CP088234.1|1508|WP_230588297.1,tssI,2,NZ_CP088234.1_I_1_2,Island,tssI island
NZ_CP088234.1|218|WP_003261205.1,IS5,IS5,IS1021,NZ_CP088234.1|214|WP_003264314.1,tssI,4,NZ_CP088234.1_I_1_1,Island,tssI island
NZ_CP088236.1|1447|WP_039548595.1,IS21,unknown,ISRso19,NZ_CP088236.1|1452|WP_014618393.1,tssI,5,NZ_CP088236.1_I_5_3,Island,tssI-evpJ island
NZ_CP088236.1|390|WP_086002887.1,IS3,IS2,ISRso10,NZ_CP088236.1|383|WP_014618839.1,evpJ,7,NZ_CP088236.1_I_5_2,Island,tssI-evpJ island
NZ_CP088238.1|299|WP_064297265.1,IS110,unknown,ISBma3,NZ_CP088238.1|295|WP_231409940.1,tssI,4,NZ_CP088238.1_I_1_1,Island,tssI island
NZ_CP088238.1|390|WP_231408554.1,IS21,unknown,ISRso19,NZ_CP088238.1|384|WP_231409980.1,tssI,6,NZ_CP088238.1_I_5_2,Island,tssI-evpJ island
NZ_CP088284.1|127|WP_166204126.1,IS3,IS150,ISRj2,NZ_CP088284.1|134|WP_166217379.1,tssD,7,NZ_CP088284.1_T_1,T6SS,T6SS
NZ_CP088289.1|119|WP_166204126.1,IS3,IS150,ISRj2,NZ_CP088289.1|125|WP_166217379.1,tssD,6,NZ_CP088289.1_T_1,T6SS,T6SS
NZ_CP089920.1|391|WP_232770556.1,IS3,IS407,IS1400,NZ_CP089920.1|388|WP_232770551.1,evpJ,3,NZ_CP089920.1_T_3,T6SS,T6SS
NZ_CP090357.1|40|WP_013027946.1,ISNCY,ISPlu15,ISSen7,NZ_CP090357.1|57|WP_064374323.1,tssA,17,NZ_CP090357.1_T_1,T6SS,T6SS
NZ_CP090440.1|194|WP_234497953.1,IS6,unknown,ISPpr9,NZ_CP090440.1|200|WP_234497959.1,tssD,6,NZ_CP090440.1_I_2_1,Island,tssD-tssI island
NZ_CP090706.1|50|WP_217041544.1,IS21,unknown,ISRme20,NZ_CP090706.1|44|WP_217086124.1,tssI,6,NZ_CP090706.1_I_1_1,Island,tssI island
NZ_CP092353.1|215|WP_096772363.1,IS66,unknown,ISRel24,NZ_CP092353.1|219|WP_239621080.1,tssM,4,NZ_CP092353.1_T_1,T6SS,T6SS
NZ_CP092353.1|224|WP_096772081.1,IS3,IS2,ISRm1,NZ_CP092353.1|222|WP_007636670.1,tssK,2,NZ_CP092353.1_T_1,T6SS,T6SS
NZ_CP092432.1|177|WP_029875831.1,IS21,unknown,ISSme2,NZ_CP092432.1|171|WP_239789223.1,tssM,6,NZ_CP092432.1_T_1,T6SS,T6SS
NZ_CP093243.1|320|WP_140035165.1,IS30,unknown,ISSba17,NZ_CP093243.1|327|WP_048821772.1,tssD,7,NZ_CP093243.1_I_0_1,Island,tssD island
NZ_CP093261.1|108|WP_001067855.1,IS6,unknown,IS26,NZ_CP093261.1|91|WP_048821772.1,tssD,17,NZ_CP093261.1_I_0_1,Island,tssD island
NZ_CP093536.1|1022|WP_103025940.1,IS3,IS2,ISRso10,NZ_CP093536.1|1038|WP_118888169.1,tssI,16,NZ_CP093536.1_I_1_3,Island,tssI island
NZ_CP093536.1|1137|WP_069078857.1,IS5,IS903,IS1420,NZ_CP093536.1|1135|WP_165858664.1,tssI,2,NZ_CP093536.1_I_5_4,Island,tssI-evpJ island
NZ_CP093536.1|1458|WP_016723619.1,IS5,IS5,IS1405,NZ_CP093536.1|1439|WP_071653878.1,tssI,19,NZ_CP093536.1_I_1_5,Island,tssI island
NZ_CP093536.1|817|WP_086004752.1,IS5,IS427,IS1421,NZ_CP093536.1|821|WP_165858627.1,tssI,4,NZ_CP093536.1_T_1,T6SS,T6SS
NZ_CP093536.1|949|WP_016723619.1,IS5,IS5,IS1405,NZ_CP093536.1|968|WP_071508286.1,tssI,19,NZ_CP093536.1_I_1_2,Island,tssI island
NZ_CP096252.1|160|WP_208074052.1,IS256,unknown,IS1354,NZ_CP096252.1|167|WP_166217402.1,tssJ,7,NZ_CP096252.1_I_2_1,Island,tssD-tssI island
NZ_CP096252.1|176|WP_208067380.1,IS110,IS1111,ISBj18,NZ_CP096252.1|174|WP_166217379.1,tssD,2,NZ_CP096252.1_I_2_1,Island,tssD-tssI island
NZ_CP098224.1|1|WP_241374476.1,IS21,unknown,IS21,NZ_CP098224.1|64|WP_182915150.1,tssH,8,NZ_CP098224.1_T_1,T6SS,T6SS
NZ_CP098224.1|45|WP_000952425.1,IS21,unknown,ISEc62,NZ_CP098224.1|49|WP_000535928.1,tssB,4,NZ_CP098224.1_T_1,T6SS,T6SS
NZ_FR989726.1|96|WP_089487672.1,IS481,unknown,ISBcen26,NZ_FR989726.1|78|WP_176016859.1,tssI,18,NZ_FR989726.1_I_5_1,Island,tssI-evpJ island
NZ_KF418775.1|63|WP_152988813.1,IS5,IS427,ISBuph1,NZ_KF418775.1|60|WP_058034513.1,tssF,3,NZ_KF418775.1_I_5_1,Island,tssI-evpJ island
NZ_KT033469.1|155|WP_011899344.1,IS21,unknown,ISAs29,NZ_KT033469.1|156|WP_011899343.1,evpJ,1,NZ_KT033469.1_I_5_1,Island,tssI-evpJ island
NZ_KT033470.1|132|WP_019706001.1,IS30,unknown,ISAs2,NZ_KT033470.1|133|WP_011899343.1,evpJ,1,NZ_KT033470.1_I_5_1,Island,tssI-evpJ island
NZ_KX774387.1|31|WP_172688787.1,IS3,IS3,ISKpn52,NZ_KX774387.1|21|WP_048821772.1,tssD,10,NZ_KX774387.1_I_0_1,Island,tssD island
NZ_KX786187.1|35|WP_172689114.1,IS3,IS2,ISEcl1,NZ_KX786187.1|22|WP_172687036.1,tssI,13,NZ_KX786187.1_T_1,T6SS,T6SS
NZ_KY362367.1|42|WP_122325833.1,IS3,IS3,ISPsy24,NZ_KY362367.1|47|WP_024668540.1,tssD,5,NZ_KY362367.1_I_0_1,Island,tssD island
NZ_KY978630.1|75|WP_016151359.1,IS5,IS903,IS903B,NZ_KY978630.1|69|WP_011998987.1,evpJ,6,NZ_KY978630.1_T_1,T6SS,T6SS
NZ_LN832562.1|210|WP_074967680.1,IS110,IS1111,ISPye25,NZ_LN832562.1|209|WP_145981084.1,tssI,1,NZ_LN832562.1_I_5_1,Island,tssI-evpJ island
NZ_LT719075.1|63|WP_160173621.1,IS3,IS3,ISEc31,NZ_LT719075.1|64|WP_160173622.1,tssH,1,NZ_LT719075.1_T_1,T6SS,T6SS
NZ_LT963411.1|39|WP_103356851.1,IS21,unknown,ISPsy20,NZ_LT963411.1|53|WP_007247495.1,tssD,14,NZ_LT963411.1_I_0_1,Island,tssD island
NZ_LT963412.1|79|WP_007247680.1,IS630,unknown,ISPsy1,NZ_LT963412.1|5|WP_031598893.1,tssD,8,NZ_LT963412.1_I_0_1,Island,tssD island
NZ_LT984807.1|2045|WP_115678385.1,ISL3,unknown,ISRta1,NZ_LT984807.1|2025|WP_026163863.1,tssI,20,NZ_LT984807.1_I_1_1,Island,tssI island
NZ_LT985194.1|81|WP_057427112.1,IS110,IS1111,ISPsy16,NZ_LT985194.1|85|WP_031598893.1,tssD,4,NZ_LT985194.1_I_0_1,Island,tssD island
NZ_MK630213.1|92|WP_001067855.1,IS6,unknown,IS26,NZ_MK630213.1|75|WP_159242433.1,tssD,17,NZ_MK630213.1_I_0_1,Island,tssD island
NZ_MN783745.1|14|WP_001067855.1,IS6,unknown,IS26,NZ_MN783745.1|24|WP_032186534.1,tssB,10,NZ_MN783745.1_T_1,T6SS,T6SS
NZ_MN783745.1|45|WP_001067855.1,IS6,unknown,IS26,NZ_MN783745.1|38|WP_181717160.1,tssH,7,NZ_MN783745.1_T_1,T6SS,T6SS
NZ_MW298652.1|52|WP_000427619.1,IS110,IS1111,IS5075,NZ_MW298652.1|57|WP_048821772.1,tssD,5,NZ_MW298652.1_I_0_1,Island,tssD island
NZ_MW298653.1|22|WP_000427619.1,IS110,IS1111,IS5075,NZ_MW298653.1|27|WP_048821772.1,tssD,5,NZ_MW298653.1_I_0_1,Island,tssD island
NZ_MW298655.1|1|WP_000427619.1,IS110,IS1111,IS5075,NZ_MW298655.1|105|WP_048821772.1,tssD,3,NZ_MW298655.1_I_0_1,Island,tssD island
NZ_MW298657.1|1|WP_000427619.1,IS110,IS1111,IS5075,NZ_MW298657.1|105|WP_048821772.1,tssD,3,NZ_MW298657.1_I_0_1,Island,tssD island
NZ_MW298661.1|1|WP_000427619.1,IS110,IS1111,IS5075,NZ_MW298661.1|105|WP_048821772.1,tssD,3,NZ_MW298661.1_I_0_1,Island,tssD island
NZ_MW298662.1|22|WP_000427619.1,IS110,IS1111,IS5075,NZ_MW298662.1|27|WP_048821772.1,tssD,5,NZ_MW298662.1_I_0_1,Island,tssD island
NZ_OK264410.1|4|WP_239631289.1,IS3,IS2,ISEc36,NZ_OK264410.1|15|WP_239633251.1,tssB,11,NZ_OK264410.1_T_1,T6SS,T6SS
